date,usd_ghs
2015-01-01,3.1700000762939453
2015-01-02,3.2095000743865967
2015-01-05,3.180000066757202
2015-01-06,3.180000066757202
2015-01-07,3.190000057220459
2015-01-08,3.190000057220459
2015-01-09,3.200000047683716
2015-01-12,3.200000047683716
2015-01-13,3.200000047683716
2015-01-14,3.200000047683716
2015-01-15,3.200000047683716
2015-01-16,3.200000047683716
2015-01-19,3.200000047683716
2015-01-20,3.2225000858306885
2015-01-21,3.2100000381469727
2015-01-22,3.244999885559082
2015-01-23,3.240000009536743
2015-01-26,3.2525999546051025
2015-01-27,3.2899999618530273
2015-01-28,3.319999933242798
2015-01-29,3.380000114440918
2015-01-30,3.3299999237060547
2015-02-02,3.3499999046325684
2015-02-03,3.309999942779541
2015-02-04,3.299999952316284
2015-02-05,3.380000114440918
2015-02-06,3.359999895095825
2015-02-09,3.380000114440918
2015-02-10,3.390000104904175
2015-02-11,3.390000104904175
2015-02-12,3.390000104904175
2015-02-13,3.4000000953674316
2015-02-16,3.4000000953674316
2015-02-17,3.40310001373291
2015-02-18,3.4800000190734863
2015-02-19,3.390000104904175
2015-02-20,3.4000000953674316
2015-02-23,3.4600000381469727
2015-02-24,3.490000009536743
2015-02-25,3.440000057220459
2015-02-26,3.4800000190734863
2015-02-27,3.5
2015-03-02,3.490000009536743
2015-03-03,3.4800000190734863
2015-03-04,3.4700000286102295
2015-03-05,3.4749999046325684
2015-03-06,3.4800000190734863
2015-03-09,3.5299999713897705
2015-03-10,3.509999990463257
2015-03-11,3.5
2015-03-12,3.5
2015-03-13,3.5250000953674316
2015-03-16,3.549999952316284
2015-03-17,3.634999990463257
2015-03-18,3.5399999618530273
2015-03-19,3.5799999237060547
2015-03-20,3.740000009536743
2015-03-23,3.6500000953674316
2015-03-24,3.6600000858306885
2015-03-25,3.740000009536743
2015-03-26,3.7200000286102295
2015-03-27,3.799999952316284
2015-03-30,3.7899999618530273
2015-03-31,3.740000009536743
2015-04-01,3.8073999881744385
2015-04-02,3.809999942779541
2015-04-03,3.793299913406372
2015-04-06,3.809999942779541
2015-04-07,3.7699999809265137
2015-04-08,3.809999942779541
2015-04-09,3.809999942779541
2015-04-10,3.809999942779541
2015-04-13,3.799999952316284
2015-04-14,3.7899999618530273
2015-04-15,3.799999952316284
2015-04-16,3.799999952316284
2015-04-17,3.7922000885009766
2015-04-20,3.8017001152038574
2015-04-21,3.799999952316284
2015-04-22,3.809999942779541
2015-04-23,3.809999942779541
2015-04-24,3.819999933242798
2015-04-27,3.8076000213623047
2015-04-28,3.8499999046325684
2015-04-29,3.8399999141693115
2015-04-30,3.8399999141693115
2015-05-01,3.8399999141693115
2015-05-04,3.8399999141693115
2015-05-05,3.8399999141693115
2015-05-06,3.8399999141693115
2015-05-07,3.8499999046325684
2015-05-08,3.869999885559082
2015-05-11,3.8399999141693115
2015-05-12,3.8499999046325684
2015-05-13,3.859999895095825
2015-05-14,3.890000104904175
2015-05-15,3.902600049972534
2015-05-18,3.9700000286102295
2015-05-19,3.940000057220459
2015-05-20,3.9800000190734863
2015-05-21,3.990000009536743
2015-05-22,4.019999980926514
2015-05-25,4.019999980926514
2015-05-26,4.026000022888184
2015-05-27,4.010000228881836
2015-05-28,4.0
2015-05-29,4.010000228881836
2015-06-01,4.03000020980835
2015-06-02,4.070000171661377
2015-06-03,4.090000152587891
2015-06-04,4.059999942779541
2015-06-05,4.050000190734863
2015-06-08,4.070000171661377
2015-06-09,4.159999847412109
2015-06-10,4.199999809265137
2015-06-11,4.21999979019165
2015-06-12,4.289999961853027
2015-06-15,4.28000020980835
2015-06-16,4.320000171661377
2015-06-17,4.360000133514404
2015-06-18,4.369999885559082
2015-06-19,4.360000133514404
2015-06-22,4.355800151824951
2015-06-23,4.380000114440918
2015-06-24,4.380000114440918
2015-06-25,4.389999866485596
2015-06-26,4.389999866485596
2015-06-29,4.389999866485596
2015-06-30,4.389999866485596
2015-07-01,4.340000152587891
2015-07-02,4.349999904632568
2015-07-03,4.321499824523926
2015-07-06,4.199999809265137
2015-07-07,3.9200000762939453
2015-07-08,3.9000000953674316
2015-07-09,3.7699999809265137
2015-07-10,3.619999885559082
2015-07-13,3.440000057220459
2015-07-14,3.450000047683716
2015-07-15,3.4700000286102295
2015-07-16,3.4000000953674316
2015-07-17,3.2899999618530273
2015-07-20,3.2427000999450684
2015-07-21,3.200000047683716
2015-07-22,3.2100000381469727
2015-07-23,3.2300000190734863
2015-07-24,3.25
2015-07-27,3.3499999046325684
2015-07-28,3.5299999713897705
2015-07-29,3.6600000858306885
2015-07-30,3.6500000953674316
2015-07-31,3.7200000286102295
2015-08-03,3.7200000286102295
2015-08-04,3.7799999713897705
2015-08-05,3.7699999809265137
2015-08-06,3.759999990463257
2015-08-07,3.680000066757202
2015-08-10,3.680000066757202
2015-08-11,3.890000104904175
2015-08-12,3.930000066757202
2015-08-13,4.0
2015-08-14,3.8499999046325684
2015-08-17,4.010000228881836
2015-08-18,4.076200008392334
2015-08-19,4.087100028991699
2015-08-20,4.098400115966797
2015-08-21,4.170100212097168
2015-08-24,4.259900093078613
2015-08-25,4.33620023727417
2015-08-26,4.334000110626221
2015-08-27,4.202400207519531
2015-08-28,4.143099784851074
2015-08-31,4.055500030517578
2015-09-01,3.90339994430542
2015-09-02,3.85509991645813
2015-09-03,3.7748000621795654
2015-09-04,3.8060998916625977
2015-09-07,3.7780001163482666
2015-09-08,3.799999952316284
2015-09-09,3.8399999141693115
2015-09-10,3.8299999237060547
2015-09-11,3.869999885559082
2015-09-14,3.9000000953674316
2015-09-15,3.890000104904175
2015-09-16,3.940000057220459
2015-09-17,3.880000114440918
2015-09-18,3.990000009536743
2015-09-21,3.869999885559082
2015-09-22,3.8299999237060547
2015-09-23,3.8299999237060547
2015-09-24,3.8299999237060547
2015-09-25,3.819999933242798
2015-09-28,3.819999933242798
2015-09-29,3.7899999618530273
2015-09-30,3.740000009536743
2015-10-01,3.7300000190734863
2015-10-02,3.759999990463257
2015-10-05,3.640000104904175
2015-10-06,3.700000047683716
2015-10-07,3.740600109100342
2015-10-08,3.7799999713897705
2015-10-09,3.740000009536743
2015-10-12,3.776099920272827
2015-10-13,3.791800022125244
2015-10-14,3.75
2015-10-15,3.7699999809265137
2015-10-16,3.8299999237060547
2015-10-19,3.8399999141693115
2015-10-20,3.859999895095825
2015-10-21,3.859999895095825
2015-10-22,3.7899999618530273
2015-10-23,3.799999952316284
2015-10-26,3.799999952316284
2015-10-27,3.7799999713897705
2015-10-28,3.799999952316284
2015-10-29,3.7699999809265137
2015-10-30,3.7699999809265137
2015-11-02,3.7799999713897705
2015-11-03,3.869999885559082
2015-11-04,3.872499942779541
2015-11-05,3.799999952316284
2015-11-06,3.7799999713897705
2015-11-09,3.7899999618530273
2015-11-10,3.7916998863220215
2015-11-11,3.799999952316284
2015-11-12,3.748500108718872
2015-11-13,3.767699956893921
2015-11-16,3.799999952316284
2015-11-17,3.799999952316284
2015-11-18,3.8032000064849854
2015-11-19,3.809999942779541
2015-11-20,3.821700096130371
2015-11-23,3.783400058746338
2015-11-24,3.8124001026153564
2015-11-25,3.80049991607666
2015-11-26,3.751699924468994
2015-11-27,3.7941999435424805
2015-11-30,3.771699905395508
2015-12-01,3.7899999618530273
2015-12-02,3.761199951171875
2015-12-03,3.785900115966797
2015-12-04,3.659899950027466
2015-12-07,3.7890000343322754
2015-12-08,3.7776999473571777
2015-12-09,3.7913999557495117
2015-12-10,3.7746999263763428
2015-12-11,3.799999952316284
2015-12-14,3.8106000423431396
2015-12-15,3.7899999618530273
2015-12-16,3.8304998874664307
2015-12-17,3.800299882888794
2015-12-18,3.8029000759124756
2015-12-21,3.7609000205993652
2015-12-22,3.784899950027466
2015-12-23,3.7681000232696533
2015-12-24,3.7999000549316406
2015-12-25,3.795599937438965
2015-12-28,3.791300058364868
2015-12-29,3.809000015258789
2015-12-30,3.8089001178741455
2015-12-31,3.809999942779541
2016-01-01,3.8197999000549316
2016-01-04,3.8189001083374023
2016-01-05,3.838399887084961
2016-01-06,3.809799909591675
2016-01-07,3.809999942779541
2016-01-08,3.809999942779541
2016-01-11,3.773900032043457
2016-01-12,3.8910000324249268
2016-01-13,3.8362998962402344
2016-01-14,3.827399969100952
2016-01-15,3.848599910736084
2016-01-18,3.9579999446868896
2016-01-19,3.947999954223633
2016-01-20,3.940200090408325
2016-01-21,3.948899984359741
2016-01-22,3.959700107574463
2016-01-25,4.009300231933594
2016-01-26,3.934499979019165
2016-01-27,4.011499881744385
2016-01-28,3.8431999683380127
2016-01-29,3.9600000381469727
2016-02-01,3.9976000785827637
2016-02-02,4.0177001953125
2016-02-03,3.9672000408172607
2016-02-04,3.905400037765503
2016-02-05,3.990000009536743
2016-02-08,3.990000009536743
2016-02-09,3.990000009536743
2016-02-10,3.93149995803833
2016-02-11,3.9700000286102295
2016-02-12,3.950000047683716
2016-02-15,3.905400037765503
2016-02-16,3.9800000190734863
2016-02-17,3.9600000381469727
2016-02-18,3.9551000595092773
2016-02-19,3.939199924468994
2016-02-22,3.920099973678589
2016-02-23,3.9300999641418457
2016-02-24,3.9800000190734863
2016-02-25,3.875200033187866
2016-02-26,3.877500057220459
2016-02-29,3.8850998878479004
2016-03-01,3.9200000762939453
2016-03-02,3.8598999977111816
2016-03-03,3.9200000762939453
2016-03-04,3.8090999126434326
2016-03-07,3.829200029373169
2016-03-08,3.825000047683716
2016-03-09,3.839099884033203
2016-03-10,3.8473000526428223
2016-03-11,3.8757998943328857
2016-03-14,3.8080999851226807
2016-03-15,3.8289999961853027
2016-03-16,3.8299999237060547
2016-03-17,3.790800094604492
2016-03-18,3.8310999870300293
2016-03-21,3.8473000526428223
2016-03-22,3.8299999237060547
2016-03-23,3.8299999237060547
2016-03-24,3.8299999237060547
2016-03-25,3.819999933242798
2016-03-28,3.8299999237060547
2016-03-29,3.819999933242798
2016-03-30,3.8299999237060547
2016-03-31,3.824199914932251
2016-04-01,3.809999942779541
2016-04-04,3.819999933242798
2016-04-05,3.809999942779541
2016-04-06,3.819999933242798
2016-04-07,3.796999931335449
2016-04-08,3.8117001056671143
2016-04-11,3.819999933242798
2016-04-12,3.809999942779541
2016-04-13,3.809999942779541
2016-04-14,3.809999942779541
2016-04-15,3.809999942779541
2016-04-18,3.809999942779541
2016-04-19,3.819999933242798
2016-04-20,3.819999933242798
2016-04-21,3.8299999237060547
2016-04-22,3.8134000301361084
2016-04-25,3.8350000381469727
2016-04-26,3.809999942779541
2016-04-27,3.809999942779541
2016-04-28,3.7695999145507812
2016-04-29,3.7899999618530273
2016-05-02,3.7857000827789307
2016-05-03,3.809799909591675
2016-05-04,3.815200090408325
2016-05-05,3.7799999713897705
2016-05-06,3.7994000911712646
2016-05-09,3.7899999618530273
2016-05-10,3.799999952316284
2016-05-11,3.799999952316284
2016-05-12,3.799999952316284
2016-05-13,1.0
2016-05-16,3.799999952316284
2016-05-17,3.7981998920440674
2016-05-18,3.819999933242798
2016-05-19,3.8299999237060547
2016-05-20,3.8350000381469727
2016-05-23,3.819999933242798
2016-05-24,3.809999942779541
2016-05-25,3.819999933242798
2016-05-26,3.819999933242798
2016-05-27,3.819999933242798
2016-05-30,3.8299999237060547
2016-05-31,3.845099925994873
2016-06-01,3.819999933242798
2016-06-02,3.8299999237060547
2016-06-03,3.8299999237060547
2016-06-06,3.8299999237060547
2016-06-07,3.8299999237060547
2016-06-08,3.8499999046325684
2016-06-09,3.859999895095825
2016-06-10,3.859999895095825
2016-06-13,3.859999895095825
2016-06-14,3.859999895095825
2016-06-15,3.859999895095825
2016-06-16,3.879199981689453
2016-06-17,3.890000104904175
2016-06-20,3.8350000381469727
2016-06-21,3.922300100326538
2016-06-22,3.961199998855591
2016-06-23,3.8689000606536865
2016-06-24,3.9000000953674316
2016-06-27,3.893699884414673
2016-06-28,3.924999952316284
2016-06-29,3.9379000663757324
2016-06-30,3.9149999618530273
2016-07-01,3.945499897003174
2016-07-04,3.9319000244140625
2016-07-05,3.917799949645996
2016-07-06,3.959199905395508
2016-07-07,3.906399965286255
2016-07-08,3.9398999214172363
2016-07-11,3.9435999393463135
2016-07-12,3.9312000274658203
2016-07-13,3.956199884414673
2016-07-14,3.9240000247955322
2016-07-15,3.936199903488159
2016-07-18,3.9702999591827393
2016-07-19,3.9077000617980957
2016-07-20,3.916800022125244
2016-07-21,3.9275999069213867
2016-07-22,3.939199924468994
2016-07-25,3.939300060272217
2016-07-26,3.9328999519348145
2016-07-27,3.9484000205993652
2016-07-28,3.895699977874756
2016-07-29,3.9047000408172607
2016-08-01,3.915299892425537
2016-08-02,3.9430999755859375
2016-08-03,3.928299903869629
2016-08-04,3.9551000595092773
2016-08-05,3.940000057220459
2016-08-08,3.958199977874756
2016-08-09,3.9337000846862793
2016-08-10,3.921600103378296
2016-08-11,3.922100067138672
2016-08-12,3.920799970626831
2016-08-15,3.8989999294281006
2016-08-16,3.9126999378204346
2016-08-17,3.9231998920440674
2016-08-18,3.930000066757202
2016-08-19,3.9242000579833984
2016-08-22,3.940000057220459
2016-08-23,3.9339001178741455
2016-08-24,3.9637999534606934
2016-08-25,3.92330002784729
2016-08-26,3.907599925994873
2016-08-29,3.969399929046631
2016-08-30,3.920300006866455
2016-08-31,3.9395999908447266
2016-09-01,3.9344000816345215
2016-09-02,3.931999921798706
2016-09-05,3.9528000354766846
2016-09-06,3.9514999389648438
2016-09-07,3.901700019836426
2016-09-08,3.9535999298095703
2016-09-09,3.9570999145507812
2016-09-12,3.9516000747680664
2016-09-13,3.838200092315674
2016-09-14,3.940000057220459
2016-09-15,3.9367001056671143
2016-09-16,3.908600091934204
2016-09-19,3.9302000999450684
2016-09-20,3.951200008392334
2016-09-21,3.9774999618530273
2016-09-22,3.953200101852417
2016-09-23,3.961899995803833
2016-09-26,3.9693000316619873
2016-09-27,3.9553000926971436
2016-09-28,3.984299898147583
2016-09-29,3.952500104904175
2016-09-30,3.9479000568389893
2016-10-03,3.92330002784729
2016-10-04,3.9651999473571777
2016-10-05,3.9414000511169434
2016-10-06,3.9600000381469727
2016-10-07,3.964600086212158
2016-10-10,3.9326999187469482
2016-10-11,3.9983999729156494
2016-10-12,3.9576001167297363
2016-10-13,3.884700059890747
2016-10-14,3.951200008392334
2016-10-17,3.976900100708008
2016-10-18,3.9435999393463135
2016-10-19,3.964400053024292
2016-10-20,3.9526000022888184
2016-10-21,4.0345001220703125
2016-10-24,3.950500011444092
2016-10-25,4.01039981842041
2016-10-26,3.949399948120117
2016-10-27,3.9605000019073486
2016-10-28,3.9651999473571777
2016-10-31,3.97979998588562
2016-11-01,3.9544999599456787
2016-11-02,3.9612998962402344
2016-11-03,3.9326000213623047
2016-11-04,3.960200071334839
2016-11-07,3.9554998874664307
2016-11-08,3.9742000102996826
2016-11-09,3.9707000255584717
2016-11-10,3.9800000190734863
2016-11-11,3.981600046157837
2016-11-14,3.982800006866455
2016-11-15,3.9885001182556152
2016-11-16,3.9583001136779785
2016-11-17,3.9660000801086426
2016-11-18,4.060100078582764
2016-11-21,4.046299934387207
2016-11-22,3.9700000286102295
2016-11-23,3.962899923324585
2016-11-24,3.9700000286102295
2016-11-25,4.163099765777588
2016-11-28,4.073299884796143
2016-11-29,4.134399890899658
2016-11-30,4.28000020980835
2016-12-01,4.340000152587891
2016-12-02,4.307400226593018
2016-12-05,4.304699897766113
2016-12-06,4.2729997634887695
2016-12-07,4.300000190734863
2016-12-08,4.2042999267578125
2016-12-09,4.218599796295166
2016-12-12,4.200699806213379
2016-12-13,4.172599792480469
2016-12-14,4.1230998039245605
2016-12-15,4.167099952697754
2016-12-16,4.1143999099731445
2016-12-19,4.149899959564209
2016-12-20,4.207200050354004
2016-12-21,4.190800189971924
2016-12-22,4.212500095367432
2016-12-23,4.156099796295166
2016-12-26,4.300000190734863
2016-12-27,4.234000205993652
2016-12-28,4.276500225067139
2016-12-29,4.247200012207031
2016-12-30,4.221499919891357
2017-01-02,4.1402997970581055
2017-01-03,4.283899784088135
2017-01-04,4.211299896240234
2017-01-05,4.216000080108643
2017-01-06,4.2307000160217285
2017-01-09,4.252900123596191
2017-01-10,4.2230000495910645
2017-01-11,4.2347002029418945
2017-01-12,4.201300144195557
2017-01-13,4.270199775695801
2017-01-16,4.243000030517578
2017-01-17,4.212699890136719
2017-01-18,4.256100177764893
2017-01-19,4.297900199890137
2017-01-20,4.290200233459473
2017-01-23,4.280900001525879
2017-01-24,4.321300029754639
2017-01-25,4.239999771118164
2017-01-26,4.3130998611450195
2017-01-27,4.36269998550415
2017-01-30,4.3292999267578125
2017-01-31,4.25629997253418
2017-02-01,4.329400062561035
2017-02-02,4.372600078582764
2017-02-03,4.380000114440918
2017-02-06,4.349100112915039
2017-02-07,4.400000095367432
2017-02-08,4.384200096130371
2017-02-09,4.371699810028076
2017-02-10,4.386600017547607
2017-02-13,4.3109002113342285
2017-02-14,4.416200160980225
2017-02-15,4.401800155639648
2017-02-16,4.3403000831604
2017-02-17,4.395500183105469
2017-02-20,4.373899936676025
2017-02-21,4.50629997253418
2017-02-22,4.534599781036377
2017-02-23,4.539999961853027
2017-02-24,4.539999961853027
2017-02-27,4.611999988555908
2017-02-28,4.599999904632568
2017-03-01,4.690000057220459
2017-03-02,4.680200099945068
2017-03-03,4.728899955749512
2017-03-06,4.6118998527526855
2017-03-07,4.710000038146973
2017-03-08,4.670899868011475
2017-03-09,4.599299907684326
2017-03-10,4.604499816894531
2017-03-13,4.537600040435791
2017-03-14,4.570099830627441
2017-03-15,4.582399845123291
2017-03-16,4.50029993057251
2017-03-17,4.5071001052856445
2017-03-20,4.532800197601318
2017-03-21,4.489500045776367
2017-03-22,4.468200206756592
2017-03-23,4.470699787139893
2017-03-24,4.377600193023682
2017-03-27,4.2596001625061035
2017-03-28,4.307300090789795
2017-03-29,4.348100185394287
2017-03-30,4.345300197601318
2017-03-31,4.330599784851074
2017-04-03,4.312099933624268
2017-04-04,4.250800132751465
2017-04-05,4.223100185394287
2017-04-06,4.203199863433838
2017-04-07,4.1869001388549805
2017-04-10,4.1768999099731445
2017-04-11,4.21999979019165
2017-04-12,4.25
2017-04-13,4.21999979019165
2017-04-14,4.210000038146973
2017-04-17,4.216800212860107
2017-04-18,4.203499794006348
2017-04-19,4.190000057220459
2017-04-20,4.135000228881836
2017-04-21,4.141499996185303
2017-04-24,4.117000102996826
2017-04-25,4.138599872589111
2017-04-26,4.196100234985352
2017-04-27,4.193699836730957
2017-04-28,4.176700115203857
2017-05-01,4.200900077819824
2017-05-02,4.197999954223633
2017-05-03,4.172699928283691
2017-05-04,4.176499843597412
2017-05-05,4.162799835205078
2017-05-08,4.161799907684326
2017-05-09,4.19789981842041
2017-05-10,4.196300029754639
2017-05-11,4.187099933624268
2017-05-12,4.189000129699707
2017-05-15,4.1956000328063965
2017-05-16,4.269499778747559
2017-05-17,4.261600017547607
2017-05-18,4.294000148773193
2017-05-19,4.285399913787842
2017-05-22,4.370299816131592
2017-05-23,4.36959981918335
2017-05-24,4.417799949645996
2017-05-25,4.329699993133545
2017-05-26,4.330999851226807
2017-05-29,4.30810022354126
2017-05-30,4.305500030517578
2017-05-31,4.2657999992370605
2017-06-01,4.277200222015381
2017-06-02,4.2881999015808105
2017-06-05,4.265900135040283
2017-06-06,4.317699909210205
2017-06-07,4.242400169372559
2017-06-08,4.359499931335449
2017-06-09,4.390100002288818
2017-06-12,4.376699924468994
2017-06-13,4.357999801635742
2017-06-14,4.376200199127197
2017-06-15,4.385000228881836
2017-06-16,4.385000228881836
2017-06-19,4.394999980926514
2017-06-20,4.417799949645996
2017-06-21,4.415200233459473
2017-06-22,4.353799819946289
2017-06-23,4.353000164031982
2017-06-26,4.336699962615967
2017-06-27,4.326000213623047
2017-06-28,4.425000190734863
2017-06-29,4.390699863433838
2017-06-30,4.345200061798096
2017-07-03,4.349699974060059
2017-07-04,4.340700149536133
2017-07-05,4.367000102996826
2017-07-06,4.364699840545654
2017-07-07,4.369999885559082
2017-07-10,4.364500045776367
2017-07-12,4.3516998291015625
2017-07-13,4.383600234985352
2017-07-14,4.378699779510498
2017-07-17,4.34689998626709
2017-07-18,4.3491997718811035
2017-07-19,4.369200229644775
2017-07-20,4.360899925231934
2017-07-21,4.350200176239014
2017-07-24,4.396599769592285
2017-07-25,4.36929988861084
2017-07-26,4.400000095367432
2017-07-27,4.3454999923706055
2017-07-28,4.388500213623047
2017-07-31,4.325699806213379
2017-08-01,4.328800201416016
2017-08-02,4.376399993896484
2017-08-03,4.3628997802734375
2017-08-04,4.368800163269043
2017-08-07,4.409999847412109
2017-08-08,4.384900093078613
2017-08-09,4.4029998779296875
2017-08-10,4.390100002288818
2017-08-11,4.379199981689453
2017-08-14,4.385799884796143
2017-08-15,4.456399917602539
2017-08-16,4.443600177764893
2017-08-17,4.402200222015381
2017-08-18,4.388400077819824
2017-08-21,4.384399890899658
2017-08-22,4.378300189971924
2017-08-23,4.4008002281188965
2017-08-24,4.429999828338623
2017-08-25,4.430799961090088
2017-08-28,4.382299900054932
2017-08-29,4.394400119781494
2017-08-30,4.409999847412109
2017-08-31,4.434999942779541
2017-09-01,4.398200035095215
2017-09-04,4.428999900817871
2017-09-05,4.414100170135498
2017-09-06,4.388800144195557
2017-09-07,4.394100189208984
2017-09-08,4.386300086975098
2017-09-11,4.416399955749512
2017-09-12,4.41540002822876
2017-09-13,4.397299766540527
2017-09-14,4.437699794769287
2017-09-15,4.395699977874756
2017-09-18,4.415599822998047
2017-09-19,4.3628997802734375
2017-09-20,4.415999889373779
2017-09-21,4.429999828338623
2017-09-22,4.347700119018555
2017-09-25,4.3983001708984375
2017-09-26,4.398799896240234
2017-09-27,4.400000095367432
2017-09-28,4.505799770355225
2017-09-29,4.3846001625061035
2017-10-02,4.4116997718811035
2017-10-03,4.3871002197265625
2017-10-04,4.395299911499023
2017-10-05,4.387499809265137
2017-10-06,4.395999908447266
2017-10-09,4.381400108337402
2017-10-10,4.378200054168701
2017-10-11,4.366000175476074
2017-10-12,4.3592000007629395
2017-10-13,4.367199897766113
2017-10-16,4.364999771118164
2017-10-17,4.372499942779541
2017-10-18,4.376399993896484
2017-10-19,4.358799934387207
2017-10-20,4.351799964904785
2017-10-23,4.377099990844727
2017-10-24,4.361999988555908
2017-10-25,4.3572001457214355
2017-10-26,4.346199989318848
2017-10-27,4.418799877166748
2017-10-30,4.394000053405762
2017-10-31,4.35890007019043
2017-11-01,4.379899978637695
2017-11-02,4.386499881744385
2017-11-03,4.381499767303467
2017-11-06,4.383800029754639
2017-11-07,4.390399932861328
2017-11-08,4.396699905395508
2017-11-09,4.407100200653076
2017-11-10,4.417699813842773
2017-11-13,4.408899784088135
2017-11-14,4.426799774169922
2017-11-15,4.434800148010254
2017-11-17,4.511499881744385
2017-11-20,4.5447998046875
2017-11-21,4.605000019073486
2017-11-22,4.593900203704834
2017-11-23,4.537700176239014
2017-11-24,4.60129976272583
2017-11-27,4.550099849700928
2017-11-28,4.625999927520752
2017-11-29,4.604300022125244
2017-11-30,4.570499897003174
2017-12-01,4.487599849700928
2017-12-04,4.470300197601318
2017-12-05,4.445400238037109
2017-12-06,4.473499774932861
2017-12-07,4.477700233459473
2017-12-08,4.482999801635742
2017-12-11,4.465000152587891
2017-12-12,4.491000175476074
2017-12-13,4.487800121307373
2017-12-14,4.474899768829346
2017-12-15,4.49370002746582
2017-12-18,4.507800102233887
2017-12-19,4.5
2017-12-20,4.5019001960754395
2017-12-21,4.4953999519348145
2017-12-22,4.493899822235107
2017-12-25,4.506800174713135
2017-12-26,4.502900123596191
2017-12-27,4.508200168609619
2017-12-28,4.509300231933594
2017-12-29,4.514699935913086
2018-01-01,4.509399890899658
2018-01-02,4.5055999755859375
2018-01-03,4.521299839019775
2018-01-04,4.519999980926514
2018-01-05,4.520899772644043
2018-01-08,4.534599781036377
2018-01-09,4.532299995422363
2018-01-10,4.535699844360352
2018-01-11,4.555500030517578
2018-01-12,4.499300003051758
2018-01-15,4.492700099945068
2018-01-16,4.490699768066406
2018-01-17,4.495100021362305
2018-01-18,4.535399913787842
2018-01-19,4.531799793243408
2018-01-22,4.5503997802734375
2018-01-23,4.545000076293945
2018-01-24,4.539999961853027
2018-01-25,4.539999961853027
2018-01-26,4.539999961853027
2018-01-29,4.5
2018-01-30,4.5
2018-01-31,4.494999885559082
2018-02-01,4.489999771118164
2018-02-02,4.5
2018-02-05,4.480000019073486
2018-02-06,4.480000019073486
2018-02-07,4.4710001945495605
2018-02-08,4.440000057220459
2018-02-09,4.429999828338623
2018-02-12,4.435999870300293
2018-02-13,4.485000133514404
2018-02-14,4.46999979019165
2018-02-15,4.466100215911865
2018-02-16,4.4730000495910645
2018-02-19,4.473499774932861
2018-02-20,4.519100189208984
2018-02-21,4.46999979019165
2018-02-22,4.454999923706055
2018-02-23,4.449999809265137
2018-02-26,4.446499824523926
2018-02-27,4.449999809265137
2018-02-28,4.460000038146973
2018-03-01,4.454999923706055
2018-03-02,4.460000038146973
2018-03-05,4.449999809265137
2018-03-06,4.449999809265137
2018-03-07,4.440000057220459
2018-03-08,4.440000057220459
2018-03-09,4.442500114440918
2018-03-12,4.425000190734863
2018-03-13,4.422500133514404
2018-03-14,4.412499904632568
2018-03-15,4.409999847412109
2018-03-16,4.409999847412109
2018-03-19,4.409999847412109
2018-03-20,4.421000003814697
2018-03-21,4.420100212097168
2018-03-22,4.409999847412109
2018-03-23,4.416399955749512
2018-03-26,4.392399787902832
2018-03-27,4.409999847412109
2018-03-28,4.4120001792907715
2018-03-29,4.412499904632568
2018-03-30,4.414999961853027
2018-04-02,4.397500038146973
2018-04-03,4.410999774932861
2018-04-04,4.415999889373779
2018-04-05,4.418499946594238
2018-04-06,4.449999809265137
2018-04-09,4.448200225830078
2018-04-10,4.411799907684326
2018-04-11,4.429999828338623
2018-04-12,4.425000190734863
2018-04-13,4.429999828338623
2018-04-16,4.427499771118164
2018-04-17,4.427999973297119
2018-04-18,4.429999828338623
2018-04-19,4.434999942779541
2018-04-20,4.4375
2018-04-23,4.424900054931641
2018-04-24,4.4415998458862305
2018-04-25,4.440000057220459
2018-04-26,4.445499897003174
2018-04-27,4.454999923706055
2018-04-30,4.462500095367432
2018-05-01,4.460999965667725
2018-05-02,4.461599826812744
2018-05-03,4.519999980926514
2018-05-04,4.480000019073486
2018-05-07,4.4654998779296875
2018-05-08,4.494999885559082
2018-05-09,4.510000228881836
2018-05-10,4.535999774932861
2018-05-11,4.537499904632568
2018-05-14,4.517600059509277
2018-05-15,4.534800052642822
2018-05-16,4.540999889373779
2018-05-17,4.583099842071533
2018-05-18,4.529799938201904
2018-05-21,4.602700233459473
2018-05-22,4.542500019073486
2018-05-23,4.635000228881836
2018-05-24,4.651000022888184
2018-05-25,4.63100004196167
2018-05-28,4.619999885559082
2018-05-29,4.654799938201904
2018-05-30,4.640999794006348
2018-05-31,4.690000057220459
2018-06-01,4.690000057220459
2018-06-04,4.72629976272583
2018-06-05,4.692500114440918
2018-06-06,4.742499828338623
2018-06-07,4.699999809265137
2018-06-08,4.716000080108643
2018-06-11,4.680799961090088
2018-06-12,4.696000099182129
2018-06-13,4.707499980926514
2018-06-14,4.704999923706055
2018-06-15,4.712500095367432
2018-06-18,4.705999851226807
2018-06-19,4.699999809265137
2018-06-20,4.705999851226807
2018-06-21,4.730000019073486
2018-06-22,4.730000019073486
2018-06-25,4.78000020980835
2018-06-26,4.73960018157959
2018-06-27,4.769999980926514
2018-06-28,4.772500038146973
2018-06-29,4.778500080108643
2018-07-02,4.785999774932861
2018-07-03,4.769999980926514
2018-07-04,4.785999774932861
2018-07-05,4.797399997711182
2018-07-06,4.797299861907959
2018-07-09,4.750199794769287
2018-07-10,4.789999961853027
2018-07-11,4.796000003814697
2018-07-12,4.761099815368652
2018-07-13,4.764999866485596
2018-07-16,4.795000076293945
2018-07-17,4.78000020980835
2018-07-18,4.792500019073486
2018-07-19,4.792500019073486
2018-07-20,4.789999961853027
2018-07-23,4.721099853515625
2018-07-24,4.790999889373779
2018-07-25,4.804200172424316
2018-07-26,4.805300235748291
2018-07-27,4.787700176239014
2018-07-30,4.801599979400635
2018-07-31,4.806000232696533
2018-08-01,4.78000020980835
2018-08-02,4.789999961853027
2018-08-03,4.796000003814697
2018-08-06,4.796000003814697
2018-08-07,4.792500019073486
2018-08-08,4.789999961853027
2018-08-09,4.804999828338623
2018-08-10,4.795000076293945
2018-08-13,4.781099796295166
2018-08-14,4.8460001945495605
2018-08-15,4.815000057220459
2018-08-16,4.862500190734863
2018-08-17,4.864999771118164
2018-08-20,4.870999813079834
2018-08-21,4.809999942779541
2018-08-22,4.815999984741211
2018-08-23,4.849999904632568
2018-08-24,4.860000133514404
2018-08-27,4.696599960327148
2018-08-28,4.705900192260742
2018-08-29,4.801799774169922
2018-08-30,4.803299903869629
2018-08-31,4.7291998863220215
2018-09-03,4.741499900817871
2018-09-04,4.786300182342529
2018-09-05,4.787099838256836
2018-09-06,4.732500076293945
2018-09-07,4.715400218963623
2018-09-10,4.7153000831604
2018-09-11,4.940000057220459
2018-09-12,4.778600215911865
2018-09-13,4.896100044250488
2018-09-14,4.910999774932861
2018-09-17,4.748799800872803
2018-09-18,4.748799800872803
2018-09-19,4.960999965667725
2018-09-20,4.9710001945495605
2018-09-21,4.9710001945495605
2018-09-24,4.72189998626709
2018-09-25,4.8694000244140625
2018-09-26,4.980000019073486
2018-09-27,4.995999813079834
2018-09-28,4.974999904632568
2018-10-01,4.771399974822998
2018-10-02,4.97599983215332
2018-10-03,4.77839994430542
2018-10-04,4.949999809265137
2018-10-05,4.945000171661377
2018-10-08,4.765500068664551
2018-10-09,4.79580020904541
2018-10-10,4.793900012969971
2018-10-11,4.915999889373779
2018-10-12,4.79640007019043
2018-10-15,4.789700031280518
2018-10-16,4.915999889373779
2018-10-17,4.915999889373779
2018-10-18,4.861000061035156
2018-10-19,4.85099983215332
2018-10-22,4.835999965667725
2018-10-23,4.835000038146973
2018-10-24,4.829999923706055
2018-10-25,4.829999923706055
2018-10-26,4.84499979019165
2018-10-29,4.803100109100342
2018-10-30,4.831299781799316
2018-10-31,4.848499774932861
2018-11-01,4.829999923706055
2018-11-02,4.84499979019165
2018-11-05,4.837299823760986
2018-11-06,4.815999984741211
2018-11-07,4.815999984741211
2018-11-08,4.829400062561035
2018-11-09,4.88100004196167
2018-11-12,4.88100004196167
2018-11-13,4.786900043487549
2018-11-14,4.890999794006348
2018-11-15,4.890900135040283
2018-11-16,4.898499965667725
2018-11-19,4.76230001449585
2018-11-20,4.889999866485596
2018-11-21,4.821100234985352
2018-11-22,4.821100234985352
2018-11-23,4.821100234985352
2018-11-26,4.880300045013428
2018-11-27,4.894999980926514
2018-11-28,4.889999866485596
2018-11-29,4.949999809265137
2018-11-30,4.954999923706055
2018-12-03,4.9816999435424805
2018-12-04,4.935999870300293
2018-12-05,4.808700084686279
2018-12-06,4.808800220489502
2018-12-07,4.980000019073486
2018-12-10,4.96999979019165
2018-12-11,4.960000038146973
2018-12-12,4.96999979019165
2018-12-13,4.96999979019165
2018-12-14,4.96999979019165
2018-12-17,4.96999979019165
2018-12-18,4.976099967956543
2018-12-19,4.96999979019165
2018-12-20,4.940000057220459
2018-12-21,4.946000099182129
2018-12-24,4.900000095367432
2018-12-25,4.855800151824951
2018-12-26,4.855899810791016
2018-12-27,4.849999904632568
2018-12-28,4.855999946594238
2018-12-31,4.860000133514404
2019-01-01,4.895999908447266
2019-01-02,4.8902997970581055
2019-01-03,4.890999794006348
2019-01-04,4.890999794006348
2019-01-07,4.821700096130371
2019-01-08,4.889999866485596
2019-01-09,4.895299911499023
2019-01-10,4.895299911499023
2019-01-11,4.881100177764893
2019-01-14,4.88100004196167
2019-01-15,4.895899772644043
2019-01-16,4.880000114440918
2019-01-17,4.893499851226807
2019-01-18,4.909999847412109
2019-01-21,4.909999847412109
2019-01-22,4.9096999168396
2019-01-23,4.915999889373779
2019-01-24,4.909999847412109
2019-01-25,4.960000038146973
2019-01-28,4.868899822235107
2019-01-29,5.000999927520752
2019-01-30,5.000999927520752
2019-01-31,4.96999979019165
2019-02-01,4.953000068664551
2019-02-04,4.980000019073486
2019-02-05,4.980999946594238
2019-02-06,5.203499794006348
2019-02-07,4.986000061035156
2019-02-08,5.238399982452393
2019-02-11,5.249000072479248
2019-02-12,5.156000137329102
2019-02-13,5.156000137329102
2019-02-14,5.261000156402588
2019-02-15,5.25
2019-02-18,5.25
2019-02-19,5.256400108337402
2019-02-20,5.199999809265137
2019-02-21,5.230999946594238
2019-02-22,5.46999979019165
2019-02-25,5.331600189208984
2019-02-26,5.34689998626709
2019-02-27,5.460000038146973
2019-02-28,5.5
2019-03-01,5.475900173187256
2019-03-04,5.5
2019-03-05,5.520999908447266
2019-03-06,5.46999979019165
2019-03-07,5.480000019073486
2019-03-08,5.575799942016602
2019-03-11,5.495800018310547
2019-03-12,5.535999774932861
2019-03-13,5.55810022354126
2019-03-14,5.849999904632568
2019-03-15,5.55810022354126
2019-03-18,5.579999923706055
2019-03-19,5.453100204467773
2019-03-20,5.369999885559082
2019-03-21,5.385000228881836
2019-03-22,5.190000057220459
2019-03-25,5.067500114440918
2019-03-26,5.21999979019165
2019-03-27,5.144499778747559
2019-03-28,5.144499778747559
2019-03-29,5.144499778747559
2019-04-01,5.346099853515625
2019-04-02,5.3491997718811035
2019-04-03,5.366000175476074
2019-04-04,5.364500045776367
2019-04-05,5.196000099182129
2019-04-08,5.099999904632568
2019-04-09,5.216000080108643
2019-04-10,5.210000038146973
2019-04-11,5.22599983215332
2019-04-12,5.146900177001953
2019-04-15,5.199999809265137
2019-04-16,5.185999870300293
2019-04-17,5.121799945831299
2019-04-18,5.131800174713135
2019-04-19,5.156000137329102
2019-04-22,5.090000152587891
2019-04-23,5.099999904632568
2019-04-24,5.100599765777588
2019-04-25,5.11269998550415
2019-04-26,5.160999774932861
2019-04-29,5.08050012588501
2019-04-30,5.181000232696533
2019-05-01,5.170000076293945
2019-05-02,5.170000076293945
2019-05-03,5.185999870300293
2019-05-06,5.176000118255615
2019-05-07,5.176000118255615
2019-05-08,5.181000232696533
2019-05-09,5.190999984741211
2019-05-10,5.099999904632568
2019-05-13,5.160999774932861
2019-05-14,5.145999908447266
2019-05-15,5.1350998878479
2019-05-16,5.156700134277344
2019-05-17,5.269999980926514
2019-05-20,5.170000076293945
2019-05-21,5.285999774932861
2019-05-23,5.195000171661377
2019-05-24,5.179999828338623
2019-05-27,5.2291998863220215
2019-05-28,5.21589994430542
2019-05-29,5.2540998458862305
2019-05-30,5.239999771118164
2019-05-31,5.290999889373779
2019-06-03,5.337600231170654
2019-06-04,5.368299961090088
2019-06-05,5.386000156402588
2019-06-06,5.340000152587891
2019-06-07,5.300000190734863
2019-06-10,5.355999946594238
2019-06-11,5.390999794006348
2019-06-12,5.390999794006348
2019-06-13,5.395899772644043
2019-06-14,5.389999866485596
2019-06-17,5.3755998611450195
2019-06-18,5.386000156402588
2019-06-19,5.386000156402588
2019-06-20,5.396599769592285
2019-06-21,5.382500171661377
2019-06-24,5.363699913024902
2019-06-25,5.448500156402588
2019-06-26,5.454999923706055
2019-06-27,5.409999847412109
2019-06-28,5.400000095367432
2019-07-01,5.380000114440918
2019-07-02,5.395199775695801
2019-07-03,5.3495001792907715
2019-07-04,5.367599964141846
2019-07-05,5.437300205230713
2019-07-08,5.406000137329102
2019-07-09,5.406000137329102
2019-07-10,5.380000114440918
2019-07-11,5.406000137329102
2019-07-12,5.406000137329102
2019-07-15,5.406000137329102
2019-07-16,5.3460001945495605
2019-07-17,5.349999904632568
2019-07-18,5.352200031280518
2019-07-19,5.34250020980835
2019-07-22,5.360099792480469
2019-07-23,5.38539981842041
2019-07-24,5.360000133514404
2019-07-25,5.386000156402588
2019-07-26,5.349999904632568
2019-07-29,5.329999923706055
2019-07-30,5.396999835968018
2019-07-31,5.369999885559082
2019-08-01,5.386000156402588
2019-08-02,5.390999794006348
2019-08-05,5.409999847412109
2019-08-06,5.369999885559082
2019-08-07,5.369999885559082
2019-08-08,5.369999885559082
2019-08-09,5.395999908447266
2019-08-12,5.389999866485596
2019-08-13,5.405900001525879
2019-08-14,5.42110013961792
2019-08-15,5.4197998046875
2019-08-16,5.419600009918213
2019-08-19,5.420300006866455
2019-08-20,5.417300224304199
2019-08-21,5.466400146484375
2019-08-22,5.460400104522705
2019-08-23,5.4475998878479
2019-08-26,5.332900047302246
2019-08-27,5.398499965667725
2019-08-28,5.466000080108643
2019-08-29,5.4644999504089355
2019-08-30,5.449999809265137
2019-09-02,5.429999828338623
2019-09-03,5.461100101470947
2019-09-04,5.47599983215332
2019-09-05,5.468500137329102
2019-09-06,5.466000080108643
2019-09-09,5.4120001792907715
2019-09-10,5.4471001625061035
2019-09-11,5.47599983215332
2019-09-12,5.460000038146973
2019-09-13,5.486000061035156
2019-09-16,5.480999946594238
2019-09-17,5.5
2019-09-18,5.50600004196167
2019-09-19,5.480000019073486
2019-09-20,5.500999927520752
2019-09-23,5.500999927520752
2019-09-24,5.503399848937988
2019-09-25,5.46999979019165
2019-09-26,5.489999771118164
2019-09-27,5.507400035858154
2019-09-30,5.391200065612793
2019-10-01,5.4232001304626465
2019-10-02,5.350900173187256
2019-10-03,5.347599983215332
2019-10-04,5.380000114440918
2019-10-07,5.401599884033203
2019-10-08,5.380000114440918
2019-10-09,5.420000076293945
2019-10-10,5.420000076293945
2019-10-11,5.409999847412109
2019-10-14,5.382420063018799
2019-10-15,5.448832988739014
2019-10-16,5.400000095367432
2019-10-17,5.400000095367432
2019-10-18,5.440000057220459
2019-10-21,5.449999809265137
2019-10-22,5.449999809265137
2019-10-23,5.440000057220459
2019-10-24,5.5
2019-10-25,5.46999979019165
2019-10-28,5.460000038146973
2019-10-29,5.480000019073486
2019-10-30,5.510000228881836
2019-10-31,5.46999979019165
2019-11-01,5.46999979019165
2019-11-04,5.469954967498779
2019-11-05,5.480000019073486
2019-11-06,5.5
2019-11-07,5.510000228881836
2019-11-08,5.480000019073486
2019-11-11,5.489999771118164
2019-11-12,5.489999771118164
2019-11-13,5.480000019073486
2019-11-14,5.5
2019-11-15,5.570000171661377
2019-11-18,5.517722129821777
2019-11-19,5.519999980926514
2019-11-20,5.510000228881836
2019-11-21,5.519999980926514
2019-11-22,5.559999942779541
2019-11-25,5.570000171661377
2019-11-26,5.519999980926514
2019-11-27,5.570000171661377
2019-11-28,5.570000171661377
2019-11-29,5.555267810821533
2019-12-02,5.586146831512451
2019-12-03,5.630000114440918
2019-12-04,5.679999828338623
2019-12-05,5.679999828338623
2019-12-06,5.650000095367432
2019-12-09,5.639999866485596
2019-12-10,5.650000095367432
2019-12-11,5.659999847412109
2019-12-12,5.690000057220459
2019-12-13,5.710000038146973
2019-12-16,5.800000190734863
2019-12-17,5.699999809265137
2019-12-18,5.692174911499023
2019-12-19,5.670000076293945
2019-12-20,5.670000076293945
2019-12-23,5.730000019073486
2019-12-24,5.659999847412109
2019-12-25,5.699999809265137
2019-12-26,5.661614894866943
2019-12-27,5.650000095367432
2019-12-30,5.650000095367432
2019-12-31,5.690000057220459
2020-01-01,5.659999847412109
2020-01-02,5.616399765014648
2020-01-03,5.659999847412109
2020-01-06,5.679999828338623
2020-01-07,5.670000076293945
2020-01-08,5.670000076293945
2020-01-09,5.690000057220459
2020-01-10,5.679999828338623
2020-01-13,5.652517795562744
2020-01-14,5.670000076293945
2020-01-15,5.670000076293945
2020-01-16,5.670000076293945
2020-01-17,5.659999847412109
2020-01-20,5.62230920791626
2020-01-21,5.650000095367432
2020-01-22,5.650000095367432
2020-01-23,5.630000114440918
2020-01-24,5.550000190734863
2020-01-27,5.550000190734863
2020-01-28,5.550000190734863
2020-01-29,5.559999942779541
2020-01-30,5.539999961853027
2020-01-31,5.480000019073486
2020-02-03,5.460000038146973
2020-02-04,5.416690826416016
2020-02-05,5.380000114440918
2020-02-06,5.389999866485596
2020-02-07,5.400000095367432
2020-02-10,5.400000095367432
2020-02-11,5.380000114440918
2020-02-12,5.380000114440918
2020-02-13,5.342075824737549
2020-02-14,5.320000171661377
2020-02-17,5.309999942779541
2020-02-18,5.320000171661377
2020-02-19,5.309999942779541
2020-02-20,5.329999923706055
2020-02-21,5.340000152587891
2020-02-24,5.300000190734863
2020-02-25,5.309999942779541
2020-02-26,5.320000171661377
2020-02-27,5.320000171661377
2020-02-28,5.360000133514404
2020-03-02,5.349999904632568
2020-03-03,5.360000133514404
2020-03-04,5.389999866485596
2020-03-05,5.409999847412109
2020-03-06,5.420000076293945
2020-03-09,5.409999847412109
2020-03-10,5.449999809265137
2020-03-11,5.449999809265137
2020-03-12,5.553839206695557
2020-03-13,5.489999771118164
2020-03-16,5.489999771118164
2020-03-17,5.53000020980835
2020-03-18,5.558131217956543
2020-03-19,5.539999961853027
2020-03-20,5.539999961853027
2020-03-23,5.559999942779541
2020-03-24,5.570000171661377
2020-03-25,5.699999809265137
2020-03-26,5.699999809265137
2020-03-27,5.710000038146973
2020-03-30,5.666067123413086
2020-03-31,573.0
2020-04-01,5.710000038146973
2020-04-02,5.699999809265137
2020-04-03,5.710000038146973
2020-04-06,5.71999979019165
2020-04-07,5.730000019073486
2020-04-08,5.699999809265137
2020-04-09,5.71999979019165
2020-04-10,5.760000228881836
2020-04-13,5.769999980926514
2020-04-14,5.760000228881836
2020-04-15,5.760000228881836
2020-04-16,5.760000228881836
2020-04-17,5.739999771118164
2020-04-20,5.641654968261719
2020-04-21,5.710000038146973
2020-04-22,5.699999809265137
2020-04-23,5.71999979019165
2020-04-24,5.730000019073486
2020-04-27,5.75
2020-04-28,5.760000228881836
2020-04-29,5.760000228881836
2020-04-30,5.75
2020-05-01,5.760000228881836
2020-05-04,5.760000228881836
2020-05-05,5.75
2020-05-06,5.760000228881836
2020-05-07,5.75
2020-05-08,5.690000057220459
2020-05-11,5.659999847412109
2020-05-12,5.659999847412109
2020-05-13,5.679999828338623
2020-05-14,5.690000057220459
2020-05-15,5.699999809265137
2020-05-18,5.699999809265137
2020-05-19,5.710000038146973
2020-05-20,5.699999809265137
2020-05-21,5.699999809265137
2020-05-22,5.679999828338623
2020-05-25,5.690000057220459
2020-05-26,5.758092880249023
2020-05-27,5.679999828338623
2020-05-28,5.690000057220459
2020-05-29,5.71999979019165
2020-06-01,5.710000038146973
2020-06-02,5.699999809265137
2020-06-03,5.710000038146973
2020-06-04,5.710000038146973
2020-06-05,5.710000038146973
2020-06-08,5.71999979019165
2020-06-09,5.710000038146973
2020-06-10,5.809999942779541
2020-06-11,5.800000190734863
2020-06-12,5.760000228881836
2020-06-15,5.71999979019165
2020-06-16,5.730000019073486
2020-06-17,5.71999979019165
2020-06-18,5.739999771118164
2020-06-19,5.739999771118164
2020-06-22,5.75
2020-06-23,5.739999771118164
2020-06-24,5.739999771118164
2020-06-25,5.739999771118164
2020-06-26,5.760000228881836
2020-06-29,5.730000019073486
2020-06-30,5.730000019073486
2020-07-01,5.739999771118164
2020-07-02,5.739999771118164
2020-07-03,5.75
2020-07-06,5.789999961853027
2020-07-07,5.769999980926514
2020-07-08,5.739999771118164
2020-07-09,5.75
2020-07-10,5.760000228881836
2020-07-13,5.747322082519531
2020-07-14,5.71999979019165
2020-07-15,5.710000038146973
2020-07-16,5.710000038146973
2020-07-17,5.710000038146973
2020-07-20,5.699999809265137
2020-07-21,5.699999809265137
2020-07-22,5.710000038146973
2020-07-23,5.730000019073486
2020-07-24,5.730000019073486
2020-07-27,5.71999979019165
2020-07-28,5.71999979019165
2020-07-29,5.78000020980835
2020-07-30,5.75
2020-07-31,5.730000019073486
2020-08-03,5.71999979019165
2020-08-04,5.739999771118164
2020-08-05,5.730000019073486
2020-08-06,5.752181053161621
2020-08-07,5.739999771118164
2020-08-10,5.7653632164001465
2020-08-11,5.710000038146973
2020-08-12,5.71999979019165
2020-08-13,5.730000019073486
2020-08-14,5.71999979019165
2020-08-17,5.737384796142578
2020-08-18,5.760000228881836
2020-08-19,5.739020824432373
2020-08-20,5.747460842132568
2020-08-21,5.757763862609863
2020-08-24,5.76169490814209
2020-08-25,5.7601518630981445
2020-08-26,5.747642993927002
2020-08-27,5.746852874755859
2020-08-28,5.749917030334473
2020-08-31,5.7643890380859375
2020-09-01,5.743765830993652
2020-09-02,5.751989841461182
2020-09-03,5.758096218109131
2020-09-04,5.75
2020-09-07,5.760000228881836
2020-09-08,5.753882884979248
2020-09-09,5.739999771118164
2020-09-10,5.739999771118164
2020-09-11,5.739999771118164
2020-09-14,5.739999771118164
2020-09-15,5.760000228881836
2020-09-16,5.769999980926514
2020-09-17,5.730000019073486
2020-09-18,5.739999771118164
2020-09-21,5.730000019073486
2020-09-22,5.769999980926514
2020-09-23,5.760000228881836
2020-09-24,5.769999980926514
2020-09-25,5.760000228881836
2020-09-28,5.739999771118164
2020-09-29,5.739999771118164
2020-09-30,5.739999771118164
2020-10-01,5.769999980926514
2020-10-02,5.75
2020-10-05,5.75
2020-10-06,5.760000228881836
2020-10-07,5.760000228881836
2020-10-08,5.77439022064209
2020-10-09,5.829999923706055
2020-10-12,5.800000190734863
2020-10-13,5.771862030029297
2020-10-14,5.789999961853027
2020-10-15,5.78000020980835
2020-10-16,5.769999980926514
2020-10-19,5.769999980926514
2020-10-20,5.769999980926514
2020-10-21,5.78000020980835
2020-10-22,5.78000020980835
2020-10-23,5.78000020980835
2020-10-26,5.789999961853027
2020-10-27,5.789999961853027
2020-10-28,5.829999923706055
2020-10-29,5.800000190734863
2020-10-30,5.8057332038879395
2020-11-02,5.809999942779541
2020-11-03,5.78000020980835
2020-11-04,5.809999942779541
2020-11-05,5.789999961853027
2020-11-06,5.78000020980835
2020-11-09,5.78000020980835
2020-11-10,5.78000020980835
2020-11-11,5.78000020980835
2020-11-12,5.7977142333984375
2020-11-13,5.829999923706055
2020-11-16,5.789999961853027
2020-11-17,5.789999961853027
2020-11-18,5.78000020980835
2020-11-19,5.769999980926514
2020-11-20,5.769999980926514
2020-11-23,5.78000020980835
2020-11-24,5.789999961853027
2020-11-25,5.789999961853027
2020-11-26,5.789999961853027
2020-11-27,5.834692001342773
2020-11-30,5.800000190734863
2020-12-01,5.800000190734863
2020-12-02,5.800000190734863
2020-12-03,5.809999942779541
2020-12-04,5.809999942779541
2020-12-07,5.809999942779541
2020-12-08,5.809999942779541
2020-12-09,5.820000171661377
2020-12-10,5.829999923706055
2020-12-11,5.809999942779541
2020-12-14,5.809999942779541
2020-12-15,5.849999904632568
2020-12-16,5.829999923706055
2020-12-17,5.849999904632568
2020-12-18,5.849999904632568
2020-12-21,5.840000152587891
2020-12-22,5.840000152587891
2020-12-23,5.909999847412109
2020-12-24,5.869999885559082
2020-12-25,5.869999885559082
2020-12-28,5.848351955413818
2020-12-29,5.849999904632568
2020-12-30,5.829999923706055
2020-12-31,5.849999904632568
2021-01-01,5.840000152587891
2021-01-04,5.878586769104004
2021-01-05,5.809999942779541
2021-01-06,5.840000152587891
2021-01-07,5.829999923706055
2021-01-08,5.829999923706055
2021-01-11,5.851861000061035
2021-01-12,5.820000171661377
2021-01-13,5.840000152587891
2021-01-14,5.849999904632568
2021-01-15,5.789999961853027
2021-01-18,5.83062219619751
2021-01-19,5.810225009918213
2021-01-20,5.840000152587891
2021-01-21,5.809999942779541
2021-01-22,5.820000171661377
2021-01-25,5.809999942779541
2021-01-26,5.800000190734863
2021-01-27,5.809999942779541
2021-01-28,5.800000190734863
2021-01-29,5.800000190734863
2021-02-01,5.809999942779541
2021-02-02,5.809999942779541
2021-02-03,5.809999942779541
2021-02-04,5.78000020980835
2021-02-05,5.78000020980835
2021-02-08,5.789999961853027
2021-02-09,5.769999980926514
2021-02-10,5.78000020980835
2021-02-11,5.769999980926514
2021-02-12,5.78000020980835
2021-02-15,5.78000020980835
2021-02-16,5.777347087860107
2021-02-17,5.769999980926514
2021-02-18,5.769999980926514
2021-02-19,5.75
2021-02-22,5.763868808746338
2021-02-23,5.730000019073486
2021-02-24,5.730000019073486
2021-02-25,5.730000019073486
2021-02-26,5.73278284072876
2021-03-01,5.72772216796875
2021-03-02,5.710000038146973
2021-03-03,5.71999979019165
2021-03-04,5.710000038146973
2021-03-05,5.710000038146973
2021-03-08,5.710000038146973
2021-03-09,5.710000038146973
2021-03-10,5.710000038146973
2021-03-11,5.710000038146973
2021-03-12,5.710000038146973
2021-03-15,5.7015461921691895
2021-03-16,5.710000038146973
2021-03-17,5.710000038146973
2021-03-18,5.71999979019165
2021-03-19,5.71999979019165
2021-03-22,5.719729900360107
2021-03-23,5.71999979019165
2021-03-24,5.710000038146973
2021-03-25,5.710000038146973
2021-03-26,5.710000038146973
2021-03-29,5.710000038146973
2021-03-30,5.75
2021-03-31,5.78000020980835
2021-04-01,5.760000228881836
2021-04-02,5.730000019073486
2021-04-05,5.71999979019165
2021-04-06,5.74756383895874
2021-04-07,5.759136199951172
2021-04-08,5.761637210845947
2021-04-09,5.7587361335754395
2021-04-12,5.75
2021-04-13,5.739999771118164
2021-04-14,5.760000228881836
2021-04-15,5.75
2021-04-16,5.760000228881836
2021-04-19,5.75974178314209
2021-04-20,5.739999771118164
2021-04-21,5.739999771118164
2021-04-22,5.75
2021-04-23,5.760000228881836
2021-04-26,5.742839813232422
2021-04-27,5.739999771118164
2021-04-28,5.75
2021-04-29,5.760000228881836
2021-04-30,5.75
2021-05-03,5.777976989746094
2021-05-04,5.75
2021-05-05,5.760000228881836
2021-05-06,5.730000019073486
2021-05-07,5.75
2021-05-10,5.705958843231201
2021-05-11,5.739999771118164
2021-05-12,5.749557971954346
2021-05-13,5.739999771118164
2021-05-14,5.739999771118164
2021-05-17,5.739999771118164
2021-05-18,5.739999771118164
2021-05-19,5.739999771118164
2021-05-20,5.739999771118164
2021-05-21,5.75
2021-05-24,5.760000228881836
2021-05-25,5.760000228881836
2021-05-26,5.760000228881836
2021-05-27,5.760000228881836
2021-05-28,5.760000228881836
2021-05-31,5.75
2021-06-01,5.770050048828125
2021-06-02,5.760000228881836
2021-06-03,5.75
2021-06-04,5.760000228881836
2021-06-07,5.75
2021-06-08,5.75
2021-06-09,5.789999961853027
2021-06-10,5.789999961853027
2021-06-11,5.789999961853027
2021-06-14,5.75
2021-06-15,5.78000020980835
2021-06-16,5.769999980926514
2021-06-17,5.760000228881836
2021-06-18,5.75
2021-06-21,5.75
2021-06-22,5.78000020980835
2021-06-23,5.800000190734863
2021-06-24,5.789999961853027
2021-06-25,5.800000190734863
2021-06-28,5.801682949066162
2021-06-29,5.820000171661377
2021-06-30,5.820000171661377
2021-07-01,5.849999904632568
2021-07-02,5.849999904632568
2021-07-05,5.865149974822998
2021-07-06,5.883418083190918
2021-07-07,5.880000114440918
2021-07-08,5.880000114440918
2021-07-09,5.889999866485596
2021-07-12,5.898963928222656
2021-07-13,5.889999866485596
2021-07-14,5.880000114440918
2021-07-15,5.880000114440918
2021-07-16,5.880000114440918
2021-07-19,5.932284832000732
2021-07-20,5.903439998626709
2021-07-21,5.940000057220459
2021-07-22,5.909999847412109
2021-07-23,5.900000095367432
2021-07-26,5.933584213256836
2021-07-27,5.989999771118164
2021-07-28,5.929999828338623
2021-07-29,5.940000057220459
2021-07-30,5.959977149963379
2021-08-02,5.958611965179443
2021-08-03,5.960000038146973
2021-08-04,5.960000038146973
2021-08-05,5.96999979019165
2021-08-06,5.960000038146973
2021-08-09,6.0001020431518555
2021-08-10,5.927525997161865
2021-08-11,6.000033855438232
2021-08-12,6.000316143035889
2021-08-13,5.997213840484619
2021-08-16,5.972700119018555
2021-08-17,5.993719100952148
2021-08-18,6.004138946533203
2021-08-19,6.0186381340026855
2021-08-20,6.026562213897705
2021-08-23,6.010173797607422
2021-08-24,5.980000019073486
2021-08-25,5.989999771118164
2021-08-26,5.980000019073486
2021-08-27,5.989999771118164
2021-08-30,6.018375873565674
2021-08-31,6.019032001495361
2021-09-01,6.0189900398254395
2021-09-02,6.024273872375488
2021-09-03,5.980466842651367
2021-09-06,6.037303924560547
2021-09-07,6.038641929626465
2021-09-08,6.039584159851074
2021-09-09,5.938159942626953
2021-09-10,5.95016622543335
2021-09-13,6.017917156219482
2021-09-14,5.96999979019165
2021-09-15,5.960000038146973
2021-09-16,5.920000076293945
2021-09-17,5.900000095367432
2021-09-20,5.920000076293945
2021-09-21,5.96999979019165
2021-09-22,6.0
2021-09-23,5.96999979019165
2021-09-24,5.980000019073486
2021-09-27,5.96999979019165
2021-09-28,5.96999979019165
2021-09-29,5.940000057220459
2021-09-30,5.940000057220459
2021-10-01,5.980000019073486
2021-10-04,5.980000019073486
2021-10-05,5.989999771118164
2021-10-06,5.980000019073486
2021-10-07,6.028090000152588
2021-10-08,5.989999771118164
2021-10-11,6.035109996795654
2021-10-12,6.046474933624268
2021-10-13,5.980000019073486
2021-10-14,5.989999771118164
2021-10-15,5.980000019073486
2021-10-18,5.96999979019165
2021-10-19,5.96999979019165
2021-10-20,6.048862934112549
2021-10-21,6.0506510734558105
2021-10-22,6.0504150390625
2021-10-25,6.058985233306885
2021-10-26,6.019999980926514
2021-10-27,6.010000228881836
2021-10-28,5.960000038146973
2021-10-29,5.989999771118164
2021-11-01,5.989999771118164
2021-11-02,5.900000095367432
2021-11-03,6.0
2021-11-04,5.989999771118164
2021-11-05,6.0
2021-11-08,5.989999771118164
2021-11-09,6.010000228881836
2021-11-10,6.0
2021-11-11,6.0
2021-11-12,6.093894958496094
2021-11-15,5.989999771118164
2021-11-16,6.039999961853027
2021-11-17,6.03000020980835
2021-11-18,6.03000020980835
2021-11-19,6.039999961853027
2021-11-22,6.101713180541992
2021-11-23,6.019999980926514
2021-11-24,6.03000020980835
2021-11-25,6.019999980926514
2021-11-26,6.113705158233643
2021-11-29,6.03000020980835
2021-11-30,6.03000020980835
2021-12-01,6.019999980926514
2021-12-02,6.019999980926514
2021-12-03,5.989999771118164
2021-12-06,6.139461040496826
2021-12-07,6.0
2021-12-08,6.03000020980835
2021-12-09,6.03000020980835
2021-12-10,6.165124893188477
2021-12-13,6.047459125518799
2021-12-14,6.03000020980835
2021-12-15,6.019999980926514
2021-12-16,6.03000020980835
2021-12-17,6.050000190734863
2021-12-20,6.107651233673096
2021-12-21,6.039999961853027
2021-12-22,6.03000020980835
2021-12-23,6.050000190734863
2021-12-24,6.050000190734863
2021-12-27,6.050000190734863
2021-12-28,6.03000020980835
2021-12-29,6.03000020980835
2021-12-30,6.019999980926514
2021-12-31,6.03000020980835
2022-01-03,6.050000190734863
2022-01-04,6.03000020980835
2022-01-05,6.050000190734863
2022-01-06,6.039999961853027
2022-01-07,6.03000020980835
2022-01-10,6.132110118865967
2022-01-11,6.050000190734863
2022-01-12,6.050000190734863
2022-01-13,6.039999961853027
2022-01-14,6.050000190734863
2022-01-17,6.039999961853027
2022-01-18,6.245060920715332
2022-01-19,6.090000152587891
2022-01-20,6.099999904632568
2022-01-21,6.090000152587891
2022-01-24,6.099999904632568
2022-01-25,6.099999904632568
2022-01-26,6.099999904632568
2022-01-27,6.090000152587891
2022-01-28,6.150000095367432
2022-01-31,6.26849889755249
2022-02-01,6.099999904632568
2022-02-02,6.099999904632568
2022-02-03,6.199999809265137
2022-02-04,6.25
2022-02-07,6.260000228881836
2022-02-08,6.099999904632568
2022-02-09,6.378176212310791
2022-02-10,6.25
2022-02-11,6.300000190734863
2022-02-14,6.413700103759766
2022-02-15,6.300000190734863
2022-02-16,6.300000190734863
2022-02-17,6.349999904632568
2022-02-18,6.400000095367432
2022-02-21,6.449999809265137
2022-02-22,6.577610969543457
2022-02-23,6.460000038146973
2022-02-24,6.449999809265137
2022-02-25,6.550000190734863
2022-02-28,6.697994232177734
2022-03-01,6.599999904632568
2022-03-02,6.7980427742004395
2022-03-03,6.699999809265137
2022-03-04,6.865200996398926
2022-03-07,7.060998916625977
2022-03-08,7.0
2022-03-09,7.0
2022-03-10,6.949999809265137
2022-03-11,6.949999809265137
2022-03-14,6.96999979019165
2022-03-15,7.0
2022-03-16,7.050000190734863
2022-03-17,7.550000190734863
2022-03-18,7.150000095367432
2022-03-21,7.050000190734863
2022-03-22,7.050000190734863
2022-03-23,7.458116054534912
2022-03-24,7.400000095367432
2022-03-25,7.574999809265137
2022-03-28,7.324624061584473
2022-03-29,7.449999809265137
2022-03-30,7.300000190734863
2022-03-31,7.300000190734863
2022-04-01,7.260000228881836
2022-04-04,7.516112804412842
2022-04-05,7.25
2022-04-06,7.300000190734863
2022-04-07,7.25
2022-04-08,7.25
2022-04-11,7.199999809265137
2022-04-12,7.300000190734863
2022-04-13,7.449999809265137
2022-04-14,7.449999809265137
2022-04-15,7.25
2022-04-18,7.300000190734863
2022-04-19,7.25
2022-04-20,7.300000190734863
2022-04-21,7.300000190734863
2022-04-22,7.54381799697876
2022-04-25,7.522133827209473
2022-04-26,7.300000190734863
2022-04-27,7.300000190734863
2022-04-28,7.300000190734863
2022-04-29,7.25
2022-05-02,7.300000190734863
2022-05-03,7.25
2022-05-04,7.300000190734863
2022-05-05,7.25
2022-05-06,7.300000190734863
2022-05-09,7.300000190734863
2022-05-10,7.300000190734863
2022-05-11,7.25
2022-05-12,7.25
2022-05-13,7.25
2022-05-16,7.300000190734863
2022-05-17,7.25
2022-05-18,7.5
2022-05-19,7.449999809265137
2022-05-20,7.5
2022-05-23,7.599999904632568
2022-05-24,7.599999904632568
2022-05-25,7.550000190734863
2022-05-26,7.550000190734863
2022-05-27,7.599999904632568
2022-05-30,7.599999904632568
2022-05-31,7.778541088104248
2022-06-01,7.599999904632568
2022-06-02,7.599999904632568
2022-06-03,7.650000095367432
2022-06-06,7.817009925842285
2022-06-07,7.650000095367432
2022-06-08,7.650000095367432
2022-06-09,7.849641799926758
2022-06-10,7.75
2022-06-13,7.958072185516357
2022-06-14,7.800000190734863
2022-06-15,7.75
2022-06-16,7.800000190734863
2022-06-17,7.930592060089111
2022-06-20,7.942279815673828
2022-06-21,7.929537773132324
2022-06-22,7.800000190734863
2022-06-23,7.75
2022-06-24,7.800000190734863
2022-06-27,7.800000190734863
2022-06-28,7.800000190734863
2022-06-29,7.931180953979492
2022-06-30,7.926549911499023
2022-07-01,8.044063568115234
2022-07-04,8.043622016906738
2022-07-05,8.014884948730469
2022-07-06,8.015241622924805
2022-07-07,8.017069816589355
2022-07-08,8.004376411437988
2022-07-11,7.988807201385498
2022-07-12,8.07986068725586
2022-07-13,8.069852828979492
2022-07-14,8.075180053710938
2022-07-15,8.100465774536133
2022-07-18,8.087145805358887
2022-07-19,8.0999116897583
2022-07-20,8.104649543762207
2022-07-21,8.11202621459961
2022-07-22,8.117317199707031
2022-07-25,8.086441993713379
2022-07-26,8.248170852661133
2022-07-27,8.24965763092041
2022-07-28,8.300000190734863
2022-07-29,7.800000190734863
2022-08-01,7.800000190734863
2022-08-02,8.350000381469727
2022-08-03,8.449999809265137
2022-08-04,8.5
2022-08-05,8.5
2022-08-08,8.695241928100586
2022-08-09,8.550000190734863
2022-08-10,8.550000190734863
2022-08-11,8.850000381469727
2022-08-12,8.899999618530273
2022-08-15,8.949999809265137
2022-08-16,9.0
2022-08-17,9.0
2022-08-18,9.457895278930664
2022-08-19,9.449999809265137
2022-08-22,9.740532875061035
2022-08-23,9.699999809265137
2022-08-24,9.800000190734863
2022-08-25,9.850000381469727
2022-08-26,9.850000381469727
2022-08-29,10.000201225280762
2022-08-30,9.850000381469727
2022-08-31,9.899999618530273
2022-09-01,9.949999809265137
2022-09-02,9.899999618530273
2022-09-05,9.800000190734863
2022-09-06,9.75
2022-09-07,9.800000190734863
2022-09-08,9.899999618530273
2022-09-09,9.899999618530273
2022-09-12,9.947697639465332
2022-09-13,9.899999618530273
2022-09-14,9.899999618530273
2022-09-15,10.07284164428711
2022-09-16,10.0
2022-09-19,9.782936096191406
2022-09-20,9.949999809265137
2022-09-21,9.949999809265137
2022-09-22,9.99489974975586
2022-09-23,9.949999809265137
2022-09-26,10.087620735168457
2022-09-27,10.100000381469727
2022-09-28,10.050000190734863
2022-09-29,10.050000190734863
2022-09-30,10.100000381469727
2022-10-03,10.199999809265137
2022-10-04,10.25
2022-10-05,10.25
2022-10-06,10.512616157531738
2022-10-07,10.100000381469727
2022-10-10,10.68539810180664
2022-10-11,10.199999809265137
2022-10-12,10.5
2022-10-13,10.600000381469727
2022-10-14,10.600000381469727
2022-10-17,10.699999809265137
2022-10-18,10.699999809265137
2022-10-19,11.5
2022-10-20,11.790300369262695
2022-10-21,12.25
2022-10-24,13.44684886932373
2022-10-25,13.5
2022-10-26,13.550000190734863
2022-10-27,13.550000190734863
2022-10-28,13.5
2022-10-31,13.550000190734863
2022-11-01,13.25
2022-11-02,13.25
2022-11-03,13.199999809265137
2022-11-04,13.25
2022-11-07,13.91043758392334
2022-11-08,13.600000381469727
2022-11-09,13.850000381469727
2022-11-10,13.899999618530273
2022-11-11,13.850000381469727
2022-11-14,14.361050605773926
2022-11-15,14.199999809265137
2022-11-16,14.199999809265137
2022-11-17,14.0
2022-11-18,14.300000190734863
2022-11-21,14.0
2022-11-22,14.0
2022-11-23,14.100000381469727
2022-11-24,14.0
2022-11-25,14.480690002441406
2022-11-28,14.0
2022-11-29,14.25
2022-11-30,14.0
2022-12-01,14.0
2022-12-02,13.600000381469727
2022-12-05,14.076394081115723
2022-12-06,13.5
2022-12-07,12.800000190734863
2022-12-08,12.800000190734863
2022-12-09,12.699999809265137
2022-12-12,12.960318565368652
2022-12-13,12.368818283081055
2022-12-14,11.800000190734863
2022-12-15,11.800000190734863
2022-12-16,8.5
2022-12-19,9.006839752197266
2022-12-20,8.5
2022-12-21,8.800000190734863
2022-12-22,9.0
2022-12-23,9.5
2022-12-26,9.5
2022-12-27,9.5
2022-12-28,9.5
2022-12-29,9.0
2022-12-30,9.0
2023-01-02,9.800000190734863
2023-01-03,9.967567443847656
2023-01-04,9.800000190734863
2023-01-05,9.800000190734863
2023-01-06,9.699999809265137
2023-01-09,9.800000190734863
2023-01-10,9.800000190734863
2023-01-11,9.699999809265137
2023-01-12,10.100000381469727
2023-01-13,10.5
2023-01-16,11.936580657958984
2023-01-17,11.977352142333984
2023-01-18,12.0
2023-01-19,12.0
2023-01-20,12.0
2023-01-23,12.274556159973145
2023-01-24,12.0
2023-01-25,12.100000381469727
2023-01-26,12.0
2023-01-27,12.0
2023-01-30,12.383132934570312
2023-01-31,12.100000381469727
2023-02-01,12.326645851135254
2023-02-02,12.0
2023-02-03,12.0
2023-02-06,12.340860366821289
2023-02-07,12.0
2023-02-08,12.0
2023-02-09,12.0
2023-02-10,11.899999618530273
2023-02-13,12.17210865020752
2023-02-14,11.899999618530273
2023-02-15,11.899999618530273
2023-02-16,12.380314826965332
2023-02-17,12.351177215576172
2023-02-20,12.654687881469727
2023-02-21,12.72950267791748
2023-02-22,12.7364501953125
2023-02-23,12.823437690734863
2023-02-24,12.87391185760498
2023-02-27,12.843984603881836
2023-02-28,12.600000381469727
2023-03-01,12.72382926940918
2023-03-02,12.600000381469727
2023-03-03,12.5
2023-03-06,12.399999618530273
2023-03-07,12.399999618530273
2023-03-08,12.100000381469727
2023-03-09,12.0
2023-03-10,11.899999618530273
2023-03-13,12.266127586364746
2023-03-14,12.199999809265137
2023-03-15,12.199999809265137
2023-03-16,12.199999809265137
2023-03-17,12.0
2023-03-20,12.252677917480469
2023-03-21,12.376486778259277
2023-03-22,12.276649475097656
2023-03-23,12.278053283691406
2023-03-24,12.313217163085938
2023-03-27,12.236414909362793
2023-03-28,11.899999618530273
2023-03-29,12.00876522064209
2023-03-30,11.649999618530273
2023-03-31,11.649999618530273
2023-04-03,11.5
2023-04-04,10.699999809265137
2023-04-05,10.600000381469727
2023-04-06,10.550000190734863
2023-04-07,10.767876625061035
2023-04-10,10.801546096801758
2023-04-11,10.600000381469727
2023-04-12,10.75
2023-04-13,10.75
2023-04-14,11.25
2023-04-17,11.778107643127441
2023-04-18,11.850000381469727
2023-04-19,11.800000190734863
2023-04-20,11.830789566040039
2023-04-21,11.5
2023-04-24,11.5
2023-04-25,11.591330528259277
2023-04-26,11.75
2023-04-27,11.699999809265137
2023-04-28,11.600000381469727
2023-05-01,11.600000381469727
2023-05-02,11.609999656677246
2023-05-03,11.600000381469727
2023-05-04,11.649999618530273
2023-05-05,11.600000381469727
2023-05-08,11.550000190734863
2023-05-09,11.600000381469727
2023-05-10,11.550000190734863
2023-05-11,11.550000190734863
2023-05-12,11.550000190734863
2023-05-15,11.591023445129395
2023-05-16,11.550000190734863
2023-05-17,10.850000381469727
2023-05-18,10.75
2023-05-19,10.75
2023-05-22,10.600000381469727
2023-05-23,10.75
2023-05-24,10.800000190734863
2023-05-25,10.800000190734863
2023-05-26,10.800000190734863
2023-05-29,11.172445297241211
2023-05-30,11.223909378051758
2023-05-31,11.0
2023-06-01,10.899999618530273
2023-06-02,11.246926307678223
2023-06-05,11.169532775878906
2023-06-06,10.899999618530273
2023-06-07,10.850000381469727
2023-06-08,10.899999618530273
2023-06-09,10.90999984741211
2023-06-12,11.27211856842041
2023-06-13,10.800000190734863
2023-06-14,10.800000190734863
2023-06-15,10.899999618530273
2023-06-16,10.949999809265137
2023-06-19,11.256213188171387
2023-06-20,10.949999809265137
2023-06-21,10.949999809265137
2023-06-22,10.899999618530273
2023-06-23,10.949999809265137
2023-06-26,11.446207046508789
2023-06-27,10.949999809265137
2023-06-28,11.050000190734863
2023-06-29,11.050000190734863
2023-06-30,11.0
2023-07-03,11.304068565368652
2023-07-04,11.0
2023-07-05,11.3568754196167
2023-07-06,11.0
2023-07-07,11.0
2023-07-10,11.263949394226074
2023-07-11,11.0
2023-07-12,11.0
2023-07-13,11.0
2023-07-14,11.0
2023-07-17,11.324176788330078
2023-07-18,11.0
2023-07-19,11.0
2023-07-20,11.0
2023-07-21,11.550000190734863
2023-07-24,11.570627212524414
2023-07-25,11.550000190734863
2023-07-26,11.0
2023-07-27,11.0
2023-07-28,11.0
2023-07-31,11.323335647583008
2023-08-01,11.149999618530273
2023-08-02,11.100000381469727
2023-08-03,11.244635581970215
2023-08-04,11.0
2023-08-07,11.204721450805664
2023-08-08,11.145722389221191
2023-08-09,11.173883438110352
2023-08-10,11.144571304321289
2023-08-11,11.202698707580566
2023-08-14,11.194098472595215
2023-08-15,10.949999809265137
2023-08-16,11.0
2023-08-17,11.199999809265137
2023-08-18,11.199999809265137
2023-08-21,11.261993408203125
2023-08-22,11.210000038146973
2023-08-23,11.199999809265137
2023-08-24,11.199999809265137
2023-08-25,11.300000190734863
2023-08-28,11.333301544189453
2023-08-29,11.377774238586426
2023-08-30,11.374728202819824
2023-08-31,11.414579391479492
2023-09-01,11.407995223999023
2023-09-04,11.459134101867676
2023-09-05,11.384117126464844
2023-09-06,11.420000076293945
2023-09-07,11.399999618530273
2023-09-08,11.4399995803833
2023-09-11,11.38750171661377
2023-09-12,11.434578895568848
2023-09-13,11.449999809265137
2023-09-14,11.449999809265137
2023-09-15,11.470000267028809
2023-09-18,11.45266342163086
2023-09-19,11.470000267028809
2023-09-20,11.489999771118164
2023-09-21,11.5
2023-09-22,11.5
2023-09-25,11.460158348083496
2023-09-26,11.520000457763672
2023-09-27,11.539999961853027
2023-09-28,11.550000190734863
2023-09-29,11.569999694824219
2023-10-02,11.59589958190918
2023-10-03,11.569999694824219
2023-10-04,11.59000015258789
2023-10-05,11.649999618530273
2023-10-06,11.649270057678223
2023-10-09,11.6793212890625
2023-10-10,11.728788375854492
2023-10-11,11.75
2023-10-12,11.729999542236328
2023-10-13,11.720000267028809
2023-10-16,11.73633861541748
2023-10-17,11.739999771118164
2023-10-18,11.729999542236328
2023-10-19,11.746928215026855
2023-10-20,11.75
2023-10-23,11.725211143493652
2023-10-24,11.789999961853027
2023-10-25,11.800000190734863
2023-10-26,11.8100004196167
2023-10-27,11.8100004196167
2023-10-30,11.850275993347168
2023-10-31,11.850000381469727
2023-11-01,11.850000381469727
2023-11-02,11.869999885559082
2023-11-03,11.885193824768066
2023-11-06,11.809036254882812
2023-11-07,11.890000343322754
2023-11-08,11.880000114440918
2023-11-09,11.890000343322754
2023-11-10,11.880000114440918
2023-11-13,11.873454093933105
2023-11-14,11.899999618530273
2023-11-15,11.890000343322754
2023-11-16,11.899999618530273
2023-11-17,11.890000343322754
2023-11-20,11.876002311706543
2023-11-21,11.920000076293945
2023-11-22,11.90999984741211
2023-11-23,11.915435791015625
2023-11-24,11.975082397460938
2023-11-27,11.917263984680176
2023-11-28,11.960000038146973
2023-11-29,11.949999809265137
2023-11-30,11.949999809265137
2023-12-01,11.979092597961426
2023-12-04,11.995243072509766
2023-12-05,11.960000038146973
2023-12-06,11.949999809265137
2023-12-07,11.960000038146973
2023-12-08,11.949999809265137
2023-12-11,12.027217864990234
2023-12-12,11.979999542236328
2023-12-13,12.00711441040039
2023-12-14,12.022684097290039
2023-12-15,11.989999771118164
2023-12-18,12.087630271911621
2023-12-19,11.979999542236328
2023-12-20,11.970000267028809
2023-12-21,11.979999542236328
2023-12-22,11.970000267028809
2023-12-25,11.990521430969238
2023-12-26,11.99858283996582
2023-12-27,11.970000267028809
2023-12-28,11.970000267028809
2023-12-29,11.949999809265137
2024-01-01,11.96508502960205
2024-01-02,11.97591781616211
2024-01-03,11.899999618530273
2024-01-04,11.899999618530273
2024-01-05,11.899999618530273
2024-01-08,11.89401626586914
2024-01-09,11.899999618530273
2024-01-10,11.887887954711914
2024-01-11,11.899999618530273
2024-01-12,11.920000076293945
2024-01-15,11.930145263671875
2024-01-16,11.965499877929688
2024-01-17,11.994115829467773
2024-01-18,11.920000076293945
2024-01-19,11.949999809265137
2024-01-22,12.067953109741211
2024-01-23,12.0
2024-01-24,11.979999542236328
2024-01-25,12.100000381469727
2024-01-26,12.100000381469727
2024-01-29,12.360440254211426
2024-01-30,12.300000190734863
2024-01-31,12.3100004196167
2024-02-01,12.300000190734863
2024-02-02,12.350000381469727
2024-02-05,12.465635299682617
2024-02-06,12.365549087524414
2024-02-07,12.350000381469727
2024-02-08,12.350000381469727
2024-02-09,12.380000114440918
2024-02-12,12.373045921325684
2024-02-13,12.399999618530273
2024-02-14,12.40999984741211
2024-02-15,12.399999618530273
2024-02-16,12.40999984741211
2024-02-19,12.44722843170166
2024-02-20,12.464978218078613
2024-02-21,12.420000076293945
2024-02-22,12.499899864196777
2024-02-23,12.350000381469727
2024-02-26,12.516034126281738
2024-02-27,12.5
2024-02-28,12.550000190734863
2024-02-29,12.5600004196167
2024-03-01,12.600000381469727
2024-03-04,12.635313034057617
2024-03-05,12.699999809265137
2024-03-06,12.730298042297363
2024-03-07,12.699999809265137
2024-03-08,12.671069145202637
2024-03-11,12.76414966583252
2024-03-12,12.800000190734863
2024-03-13,12.850000381469727
2024-03-14,12.850000381469727
2024-03-15,12.850000381469727
2024-03-18,12.895051002502441
2024-03-19,12.949999809265137
2024-03-20,12.949999809265137
2024-03-21,12.979999542236328
2024-03-22,13.013569831848145
2024-03-25,12.968843460083008
2024-03-26,13.100000381469727
2024-03-27,13.100000381469727
2024-03-28,13.149999618530273
2024-03-29,13.149999618530273
2024-04-01,13.20927619934082
2024-04-02,13.199999809265137
2024-04-03,13.25
2024-04-04,13.300000190734863
2024-04-05,13.350000381469727
2024-04-08,13.369926452636719
2024-04-09,13.340699195861816
2024-04-10,13.359999656677246
2024-04-11,13.359999656677246
2024-04-12,13.427842140197754
2024-04-15,13.394238471984863
2024-04-16,13.399999618530273
2024-04-17,13.399999618530273
2024-04-18,13.416106224060059
2024-04-19,13.399999618530273
2024-04-22,13.397685050964355
2024-04-23,13.40999984741211
2024-04-24,13.40999984741211
2024-04-25,13.470000267028809
2024-04-26,13.489999771118164
2024-04-29,13.555109024047852
2024-04-30,13.600000381469727
2024-05-01,13.619999885559082
2024-05-02,13.649999618530273
2024-05-03,13.699999809265137
2024-05-06,13.672473907470703
2024-05-07,13.770000457763672
2024-05-08,13.800000190734863
2024-05-09,13.850000381469727
2024-05-10,13.850000381469727
2024-05-13,13.988059043884277
2024-05-14,14.100000381469727
2024-05-15,14.199999809265137
2024-05-16,14.210000038146973
2024-05-17,14.25
2024-05-20,14.202194213867188
2024-05-21,14.391741752624512
2024-05-22,14.449999809265137
2024-05-23,14.5
2024-05-24,14.449999809265137
2024-05-27,14.509605407714844
2024-05-28,14.607134819030762
2024-05-29,14.64517593383789
2024-05-30,14.699999809265137
2024-05-31,14.699999809265137
2024-06-03,14.716094970703125
2024-06-04,14.850000381469727
2024-06-05,14.850000381469727
2024-06-06,14.949999809265137
2024-06-07,14.855175971984863
2024-06-10,14.949850082397461
2024-06-11,14.866279602050781
2024-06-12,14.949999809265137
2024-06-13,14.949999809265137
2024-06-14,14.989999771118164
2024-06-17,15.015199661254883
2024-06-18,15.0
2024-06-19,15.050000190734863
2024-06-20,15.050000190734863
2024-06-21,15.100000381469727
2024-06-24,15.095062255859375
2024-06-25,15.149999618530273
2024-06-26,15.199999809265137
2024-06-27,15.199999809265137
2024-06-28,15.199999809265137
2024-07-01,15.21246337890625
2024-07-02,15.300000190734863
2024-07-03,15.32612133026123
2024-07-04,15.430000305175781
2024-07-05,15.380910873413086
2024-07-08,15.390661239624023
2024-07-09,15.356762886047363
2024-07-10,15.387532234191895
2024-07-11,15.350000381469727
2024-07-12,15.359999656677246
2024-07-15,15.333059310913086
2024-07-16,15.350000381469727
2024-07-17,15.428165435791016
2024-07-18,15.38982105255127
2024-07-19,15.41051197052002
2024-07-22,15.404754638671875
2024-07-23,15.399999618530273
2024-07-24,15.449999809265137
2024-07-25,15.460000038146973
2024-07-26,15.479762077331543
2024-07-29,15.479008674621582
2024-07-30,15.479999542236328
2024-07-31,15.489999771118164
2024-08-01,15.5
2024-08-02,15.510000228881836
2024-08-05,15.387995719909668
2024-08-06,15.5
2024-08-07,15.5
2024-08-08,15.564030647277832
2024-08-09,15.539999961853027
2024-08-12,15.579999923706055
2024-08-13,15.579999923706055
2024-08-14,15.600000381469727
2024-08-15,15.600000381469727
2024-08-16,15.630894660949707
2024-08-19,15.519006729125977
2024-08-20,15.579999923706055
2024-08-21,15.579999923706055
2024-08-22,15.579999923706055
2024-08-23,15.569999694824219
2024-08-26,15.503413200378418
2024-08-27,15.609999656677246
2024-08-28,15.600000381469727
2024-08-29,15.631378173828125
2024-08-30,15.65999984741211
2024-09-02,15.65056324005127
2024-09-03,15.616768836975098
2024-09-04,15.609999656677246
2024-09-05,15.588436126708984
2024-09-06,15.621920585632324
2024-09-09,15.665419578552246
2024-09-10,15.652606964111328
2024-09-11,15.600000381469727
2024-09-12,15.619999885559082
2024-09-13,15.630000114440918
2024-09-16,15.669526100158691
2024-09-17,15.649999618530273
2024-09-18,15.65999984741211
2024-09-19,15.65999984741211
2024-09-20,15.649999618530273
2024-09-23,15.673958778381348
2024-09-24,15.649999618530273
2024-09-25,15.800000190734863
2024-09-26,15.819999694824219
2024-09-27,15.756108283996582
2024-09-30,15.720000267028809
2024-10-01,15.680000305175781
2024-10-02,15.789999961853027
2024-10-03,15.800000190734863
2024-10-04,15.830592155456543
2024-10-07,15.862508773803711
2024-10-08,15.84000015258789
2024-10-09,15.869999885559082
2024-10-10,15.880000114440918
2024-10-11,15.90999984741211
2024-10-14,15.912141799926758
2024-10-15,15.910735130310059
2024-10-16,15.970000267028809
2024-10-17,15.979999542236328
2024-10-18,16.0
2024-10-21,15.980324745178223
2024-10-22,16.049999237060547
2024-10-23,16.100000381469727
2024-10-24,16.100000381469727
2024-10-25,16.110000610351562
2024-10-28,16.081249237060547
2024-10-29,16.200000762939453
2024-10-30,16.209999084472656
2024-10-31,16.25
2024-11-01,16.25
2024-11-04,16.25695037841797
2024-11-05,16.309999465942383
2024-11-06,16.350000381469727
2024-11-07,16.360000610351562
2024-11-08,16.350000381469727
2024-11-11,16.468503952026367
2024-11-12,16.327756881713867
2024-11-13,16.360000610351562
2024-11-14,16.049999237060547
2024-11-15,16.0
2024-11-18,15.99924087524414
2024-11-19,15.90999984741211
2024-11-20,15.850000381469727
2024-11-21,15.859999656677246
2024-11-22,15.800000190734863
2024-11-25,15.771389961242676
2024-11-26,15.649999618530273
2024-11-27,15.649999618530273
2024-11-28,15.449999809265137
2024-11-29,15.424201011657715
2024-12-02,15.297897338867188
2024-12-03,15.149999618530273
2024-12-04,15.069999694824219
2024-12-05,14.850000381469727
2024-12-06,14.800000190734863
2024-12-09,14.84279727935791
2024-12-10,14.82278060913086
2024-12-11,14.699999809265137
2024-12-12,14.699999809265137
2024-12-13,14.63593578338623
2024-12-16,14.650487899780273
2024-12-17,14.666069984436035
2024-12-18,14.675339698791504
2024-12-19,14.676321029663086
2024-12-20,14.678370475769043
2024-12-23,14.617338180541992
2024-12-24,14.692914962768555
2024-12-25,14.666788101196289
2024-12-26,14.666788101196289
2024-12-27,14.652067184448242
2024-12-30,14.693328857421875
2024-12-31,14.667227745056152
2025-01-02,14.667227745056152
2025-01-03,14.649999618530273
2025-01-06,14.652189254760742
2025-01-07,14.65999984741211
2025-01-08,14.65999984741211
2025-01-09,14.699999809265137
2025-01-10,14.699999809265137
2025-01-13,14.790620803833008
2025-01-14,14.800000190734863
2025-01-15,14.800000190734863
2025-01-16,14.800000190734863
2025-01-17,14.899999618530273
2025-01-20,14.8755521774292
2025-01-21,15.008745193481445
2025-01-22,15.0
2025-01-23,15.149999618530273
2025-01-24,15.15999984741211
2025-01-27,15.148256301879883
2025-01-28,15.170000076293945
2025-01-29,15.149999618530273
2025-01-30,15.25
2025-01-31,15.260000228881836
2025-02-03,15.516397476196289
2025-02-04,15.300000190734863
2025-02-05,15.350000381469727
2025-02-06,15.359999656677246
2025-02-07,15.350000381469727
2025-02-10,15.496106147766113
2025-02-11,15.449999809265137
2025-02-12,15.449999809265137
2025-02-13,15.399999618530273
2025-02-14,15.40999984741211
2025-02-17,15.381244659423828
2025-02-18,15.427254676818848
2025-02-19,15.449999809265137
2025-02-20,15.5
2025-02-21,15.510000228881836
2025-02-24,15.507143020629883
2025-02-25,15.510000228881836
2025-02-26,15.5
2025-02-27,15.449999809265137
2025-02-28,15.449999809265137
2025-03-03,15.504599571228027
2025-03-04,15.460000038146973
2025-03-05,15.449999809265137
2025-03-06,15.449999809265137
2025-03-07,15.477144241333008
2025-03-10,15.49577808380127
2025-03-11,15.449999809265137
2025-03-12,15.475464820861816
2025-03-13,15.460000038146973
2025-03-14,15.47586727142334
2025-03-17,15.440604209899902
2025-03-18,15.449999809265137
2025-03-19,15.460000038146973
2025-03-20,15.449999809265137
2025-03-21,15.460000038146973
2025-03-24,15.439208984375
2025-03-25,15.460000038146973
2025-03-26,15.449999809265137
2025-03-27,15.449999809265137
2025-03-28,15.460000038146973
2025-03-31,15.312973976135254
2025-04-01,15.449999809265137
2025-04-02,15.449999809265137
2025-04-03,15.460000038146973
2025-04-04,15.449999809265137
2025-04-07,15.573089599609375
2025-04-08,15.449999809265137
2025-04-09,15.460000038146973
2025-04-10,15.460000038146973
2025-04-11,15.449999809265137
2025-04-14,15.471839904785156
2025-04-15,15.449999809265137
2025-04-16,15.491708755493164
2025-04-17,15.448038101196289
2025-04-22,15.460000038146973
2025-04-23,15.350000381469727
2025-04-24,15.25
2025-04-25,15.117386817932129
2025-04-28,15.260000228881836
2025-04-29,15.260000228881836
2025-04-30,15.25
2025-05-01,14.100000381469727
2025-05-02,14.271273612976074
2025-05-05,14.060771942138672
2025-05-06,13.550000190734863
2025-05-07,13.399999618530273
2025-05-08,13.199999809265137
2025-05-09,13.164473533630371
2025-05-12,13.117420196533203
2025-05-13,12.850000381469727
2025-05-14,12.5
2025-05-15,12.399999618530273
2025-05-16,12.350000381469727
2025-05-19,12.393778800964355
2025-05-20,12.280024528503418
2025-05-21,12.050000190734863
2025-05-22,11.75
2025-05-23,11.614072799682617
2025-05-26,11.009367942810059
2025-05-27,10.429312705993652
2025-05-28,10.32688045501709
2025-05-29,10.28125286102295
2025-05-30,10.28195571899414
2025-06-02,10.205367088317871
2025-06-03,10.221348762512207
2025-06-04,10.212815284729004
2025-06-05,10.225381851196289
2025-06-06,10.199999809265137
2025-06-09,10.245100021362305
2025-06-10,10.199999809265137
2025-06-11,10.199999809265137
2025-06-12,10.25
2025-06-13,10.25
2025-06-16,10.233222007751465
2025-06-17,10.25
2025-06-18,10.260000228881836
2025-06-19,10.25
2025-06-20,10.25
2025-06-23,10.27542781829834
2025-06-24,10.25
2025-06-25,10.25
2025-06-26,10.25
2025-06-27,10.300000190734863
2025-06-30,10.322030067443848
2025-07-01,10.300000190734863
2025-07-02,10.300000190734863
2025-07-03,10.300436019897461
2025-07-04,10.300000190734863
2025-07-07,10.328140258789062
2025-07-08,10.350000381469727
2025-07-09,10.350000381469727
2025-07-10,10.350000381469727
2025-07-11,10.350000381469727
2025-07-14,10.375785827636719
2025-07-15,10.350000381469727
2025-07-16,10.350000381469727
2025-07-17,10.350000381469727
2025-07-18,10.389174461364746
2025-07-21,10.413172721862793
2025-07-22,10.399999618530273
2025-07-23,10.399999618530273
2025-07-24,10.359999656677246
2025-07-25,10.359999656677246
2025-07-28,10.410691261291504
2025-07-29,10.399999618530273
2025-07-30,10.449999809265137
2025-07-31,10.449999809265137
2025-08-01,10.449999809265137
2025-08-04,10.317070007324219
2025-08-05,10.5
2025-08-06,10.5
2025-08-07,10.5
2025-08-08,10.5
2025-08-11,10.51542854309082
2025-08-12,10.5
2025-08-13,10.5
2025-08-14,10.5
2025-08-15,10.600000381469727
2025-08-18,10.812150001525879
2025-08-19,10.600000381469727
2025-08-20,10.850000381469727
2025-08-21,10.91417407989502
2025-08-22,10.960000038146973
2025-08-25,10.882340431213379
2025-08-26,10.949999809265137
2025-08-27,11.100000381469727
2025-08-28,11.100000381469727
2025-08-29,11.425414085388184
2025-09-01,11.709946632385254
2025-09-02,11.872567176818848
2025-09-03,11.699999809265137
2025-09-04,12.0
2025-09-05,12.0
2025-09-08,12.046917915344238
2025-09-09,12.0600004196167
2025-09-10,12.050000190734863
2025-09-11,12.149999618530273
2025-09-12,12.15999984741211
2025-09-15,12.182957649230957
2025-09-16,12.180000305175781
2025-09-17,12.199999809265137
2025-09-18,12.210000038146973
2025-09-19,12.220000267028809
2025-09-22,12.26492977142334
2025-09-23,12.25
2025-09-24,12.25
2025-09-25,12.300000190734863
2025-09-26,12.350000381469727
2025-09-29,12.334571838378906
2025-09-30,12.359999656677246
2025-10-01,12.359999656677246
2025-10-02,12.359999656677246
2025-10-03,12.5
2025-10-06,12.574421882629395
2025-10-07,12.550000190734863
2025-10-08,12.49496078491211
2025-10-09,12.40999984741211
2025-10-10,12.399999618530273
2025-10-13,12.189154624938965
2025-10-14,11.936057090759277
2025-10-15,11.949999809265137
2025-10-16,11.899999618530273
2025-10-17,11.050000190734863
2025-10-20,10.731024742126465
2025-10-21,10.710000038146973
2025-10-22,10.699999809265137
2025-10-23,10.751522064208984
2025-10-24,10.785778999328613
2025-10-27,10.763237953186035
2025-10-28,10.836194038391113
2025-10-29,10.850000381469727
2025-10-30,10.850000381469727
2025-10-31,10.800000190734863
2025-11-03,10.847881317138672
2025-11-04,10.899999618530273
2025-11-05,10.90999984741211
2025-11-06,10.899999618530273
2025-11-07,10.920000076293945
2025-11-10,10.897624015808105
2025-11-11,10.923043251037598
2025-11-12,10.923760414123535
2025-11-13,10.9399995803833
2025-11-14,10.899999618530273
2025-11-17,10.922540664672852
2025-11-18,10.970000267028809
2025-11-19,10.979999542236328
2025-11-20,11.0
2025-11-21,11.059911727905273
2025-11-24,11.089882850646973
2025-11-25,11.109999656677246
2025-11-26,11.073077201843262
2025-11-27,11.100000381469727
2025-11-28,11.202733993530273
2025-12-01,11.276457786560059
2025-12-02,11.3100004196167
2025-12-03,11.350000381469727
2025-12-04,11.380000114440918
2025-12-05,11.399999618530273
2025-12-08,11.351920127868652
2025-12-09,11.40999984741211
2025-12-10,11.399999618530273
2025-12-11,11.402180671691895
2025-12-12,11.449999809265137
2025-12-15,11.440126419067383
2025-12-16,11.479999542236328
2025-12-17,11.5
2025-12-18,11.5
2025-12-19,11.5
2025-12-22,11.464924812316895
2025-12-23,11.449999809265137
2025-12-24,11.460000038146973
2025-12-26,11.460000038146973
2025-12-29,11.105551719665527
2025-12-30,11.300000190734863
2025-12-31,10.899999618530273
2026-01-02,10.486769676208496
2026-01-05,10.463086128234863
2026-01-06,10.399999618530273
2026-01-07,10.630000114440918
2026-01-08,10.699999809265137
2026-01-09,10.699999809265137
2026-01-12,10.707687377929688
2026-01-13,10.707873344421387
2026-01-14,10.75
2026-01-15,10.800000190734863
2026-01-16,10.800000190734863
2026-01-19,10.826763153076172
2026-01-20,10.779885292053223
2026-01-21,10.819999694824219
2026-01-22,10.850000381469727
2026-01-23,10.850000381469727
2026-01-26,10.795112609863281
2026-01-27,10.866525650024414
2026-01-28,10.90999984741211
2026-01-29,10.903806686401367
2026-01-30,10.930000305175781
2026-02-02,11.021130561828613
2026-02-03,10.930000305175781
2026-02-04,10.920000076293945
2026-02-05,10.953420639038086
2026-02-06,10.949999809265137
2026-02-09,10.936614990234375
2026-02-10,10.989999771118164
2026-02-11,10.978769302368164
2026-02-12,10.960000038146973
2026-02-13,10.989999771118164
2026-02-16,10.97249698638916
2026-02-17,10.976983070373535
2026-02-18,10.956117630004883
2026-02-19,10.989999771118164
2026-02-20,10.989999771118164
2026-02-23,10.944164276123047
2026-02-24,10.941010475158691
2026-02-25,10.76024055480957
2026-02-26,10.607112884521484
2026-02-27,10.630000114440918
2026-03-02,10.621431350708008
2026-03-03,10.699999809265137
2026-03-04,10.75
2026-03-05,10.75
2026-03-06,10.758095741271973
2026-03-09,10.741106986999512
2026-03-10,10.760000228881836
2026-03-11,10.800000190734863
2026-03-12,10.819999694824219
2026-03-13,10.851461410522461
2026-03-16,10.837437629699707
2026-03-17,10.859999656677246
2026-03-18,10.869999885559082
2026-03-19,10.890000343322754
2026-03-20,10.890000343322754
2026-03-23,10.860544204711914
2026-03-24,10.890000343322754
2026-03-25,10.883129119873047
2026-03-26,10.9399995803833
2026-03-27,10.899036407470703
2026-03-30,10.899484634399414
2026-03-31,10.98622989654541
2026-04-01,10.989999771118164
2026-04-02,10.979999542236328
2026-04-03,11.0
2026-04-06,11.0
2026-04-07,11.0
2026-04-08,10.990066528320312
2026-04-09,11.0
2026-04-10,11.0
2026-04-13,10.967137336730957
2026-04-14,11.010000228881836
2026-04-15,11.039999961853027
2026-04-16,11.039999961853027
2026-04-17,11.002928733825684
2026-04-20,11.07487964630127
2026-04-21,11.0600004196167
2026-04-22,11.0600004196167
2026-04-23,11.069999694824219
2026-04-24,11.079999923706055
2026-04-27,11.06248664855957
2026-04-28,11.09622859954834
2026-04-29,11.130000114440918
2026-04-30,11.180000305175781
2026-05-01,11.180000305175781
2026-05-04,11.1899995803833
2026-05-05,11.1899995803833
2026-05-06,11.185946464538574
2026-05-07,11.239999771118164
2026-05-08,11.247881889343262
2026-05-11,11.213598251342773
2026-05-12,11.279999732971191
2026-05-13,11.26978874206543
2026-05-14,11.289999961853027
2026-05-15,11.399999618530273
2026-05-18,11.435943603515625
2026-05-19,11.430000305175781
2026-05-20,11.430000305175781
2026-05-21,11.539999961853027
2026-05-22,11.600000381469727
2026-05-25,11.547250747680664
2026-05-26,11.588539123535156
2026-05-27,11.649999618530273
2026-05-28,11.649999618530273
2026-05-29,11.710000038146973
2026-06-01,11.729999542236328
2026-06-02,11.75
2026-06-03,11.770000457763672
2026-06-04,11.779999732971191
2026-06-05,11.800000190734863
2026-06-08,11.800000190734863
2026-06-09,11.800000190734863
2026-06-10,11.600000381469727
2026-06-11,11.632821083068848
2026-06-12,11.0
2026-06-15,11.07684326171875
2026-06-16,11.079910278320312
2026-06-17,11.199999809265137
2026-06-18,11.182465553283691
2026-06-19,11.0
